==== slurm_gpu.sh on cayenne job=870 ====
CUDA_VISIBLE_DEVICES=0
allocated GPU UUID(s): GPU-0ea1b726-ae19-842c-29f2-3933b438b01f
0, GPU-0ea1b726-ae19-842c-29f2-3933b438b01f, 0 MiB
==== exec: env AGENT_TIMEOUT=1 START=3 PLANT_PATCH=/raid/yilegu/roofline_guided_agent/VibeSimWorkspace/scripts-local/vibesim-analysis-container/controls/planted_numerics.patch ./run_iter_opt_eval.sh issue_k3_kda.json 3 max ====
rendered /raid/yilegu/roofline_guided_agent/VibeSimWorkspace/scripts-local/vibesim-analysis-container/iter_opt_eval_k3_kda/agent_task_rendered.md (100 lines)
==================== k3_kda TRIAL 3 ====================
rm: cannot remove '/raid/yilegu/roofline_guided_agent/VibeSimWorkspace/scripts-local/vibesim-analysis-container/iter_opt_eval_k3_kda/trial_3_tree/kernels/__pycache__/fused_op.cpython-312.pyc': Permission denied
rm: cannot remove '/raid/yilegu/roofline_guided_agent/VibeSimWorkspace/scripts-local/vibesim-analysis-container/iter_opt_eval_k3_kda/trial_3_tree/kernels/__pycache__/kernel_api_logging.cpython-312.pyc': Permission denied
rm: cannot remove '/raid/yilegu/roofline_guided_agent/VibeSimWorkspace/scripts-local/vibesim-analysis-container/iter_opt_eval_k3_kda/trial_3_tree/kernels/__pycache__/__init__.cpython-312.pyc': Permission denied
rm: cannot remove '/raid/yilegu/roofline_guided_agent/VibeSimWorkspace/scripts-local/vibesim-analysis-container/iter_opt_eval_k3_kda/trial_3_tree/kernels/__pycache__/selector.cpython-312.pyc': Permission denied
rm: cannot remove '/raid/yilegu/roofline_guided_agent/VibeSimWorkspace/scripts-local/vibesim-analysis-container/iter_opt_eval_k3_kda/trial_3_tree/kernels/__pycache__/registry.cpython-312.pyc': Permission denied
rm: cannot remove '/raid/yilegu/roofline_guided_agent/VibeSimWorkspace/scripts-local/vibesim-analysis-container/iter_opt_eval_k3_kda/trial_3_tree/kernels/__pycache__/spec.cpython-312.pyc': Permission denied
rm: cannot remove '/raid/yilegu/roofline_guided_agent/VibeSimWorkspace/scripts-local/vibesim-analysis-container/iter_opt_eval_k3_kda/trial_3_tree/kernels/jit/utils/compile/__pycache__/paths.cpython-312.pyc': Permission denied
rm: cannot remove '/raid/yilegu/roofline_guided_agent/VibeSimWorkspace/scripts-local/vibesim-analysis-container/iter_opt_eval_k3_kda/trial_3_tree/kernels/jit/utils/compile/__pycache__/cache.cpython-312.pyc': Permission denied
rm: cannot remove '/raid/yilegu/roofline_guided_agent/VibeSimWorkspace/scripts-local/vibesim-analysis-container/iter_opt_eval_k3_kda/trial_3_tree/kernels/jit/utils/compile/__pycache__/__init__.cpython-312.pyc': Permission denied
rm: cannot remove '/raid/yilegu/roofline_guided_agent/VibeSimWorkspace/scripts-local/vibesim-analysis-container/iter_opt_eval_k3_kda/trial_3_tree/kernels/jit/utils/compile/__pycache__/cpp_args.cpython-312.pyc': Permission denied
rm: cannot remove '/raid/yilegu/roofline_guided_agent/VibeSimWorkspace/scripts-local/vibesim-analysis-container/iter_opt_eval_k3_kda/trial_3_tree/kernels/jit/utils/compile/__pycache__/loader.cpython-312.pyc': Permission denied
rm: cannot remove '/raid/yilegu/roofline_guided_agent/VibeSimWorkspace/scripts-local/vibesim-analysis-container/iter_opt_eval_k3_kda/trial_3_tree/kernels/jit/utils/compile/__pycache__/ninja.cpython-312.pyc': Permission denied
rm: cannot remove '/raid/yilegu/roofline_guided_agent/VibeSimWorkspace/scripts-local/vibesim-analysis-container/iter_opt_eval_k3_kda/trial_3_tree/kernels/jit/utils/compile/__pycache__/toolchain.cpython-312.pyc': Permission denied
rm: cannot remove '/raid/yilegu/roofline_guided_agent/VibeSimWorkspace/scripts-local/vibesim-analysis-container/iter_opt_eval_k3_kda/trial_3_tree/kernels/jit/utils/compile/__pycache__/spec.cpython-312.pyc': Permission denied
rm: cannot remove '/raid/yilegu/roofline_guided_agent/VibeSimWorkspace/scripts-local/vibesim-analysis-container/iter_opt_eval_k3_kda/trial_3_tree/kernels/jit/utils/__pycache__/__init__.cpython-312.pyc': Permission denied
rm: cannot remove '/raid/yilegu/roofline_guided_agent/VibeSimWorkspace/scripts-local/vibesim-analysis-container/iter_opt_eval_k3_kda/trial_3_tree/kernels/jit/utils/__pycache__/arch.cpython-312.pyc': Permission denied
rm: cannot remove '/raid/yilegu/roofline_guided_agent/VibeSimWorkspace/scripts-local/vibesim-analysis-container/iter_opt_eval_k3_kda/trial_3_tree/kernels/jit/utils/__pycache__/deps.cpython-312.pyc': Permission denied
rm: cannot remove '/raid/yilegu/roofline_guided_agent/VibeSimWorkspace/scripts-local/vibesim-analysis-container/iter_opt_eval_k3_kda/trial_3_tree/kernels/jit/utils/__pycache__/common.cpython-312.pyc': Permission denied
rm: cannot remove '/raid/yilegu/roofline_guided_agent/VibeSimWorkspace/scripts-local/vibesim-analysis-container/iter_opt_eval_k3_kda/trial_3_tree/kernels/jit/__pycache__/__init__.cpython-312.pyc': Permission denied
rm: cannot remove '/raid/yilegu/roofline_guided_agent/VibeSimWorkspace/scripts-local/vibesim-analysis-container/iter_opt_eval_k3_kda/trial_3_tree/kernels/ops/gemm/__pycache__/fp8_blockwise_gemm.cpython-312.pyc': Permission denied
rm: cannot remove '/raid/yilegu/roofline_guided_agent/VibeSimWorkspace/scripts-local/vibesim-analysis-container/iter_opt_eval_k3_kda/trial_3_tree/kernels/ops/gemm/__pycache__/kv_b_lora_absorbed.cpython-312.pyc': Permission denied
rm: cannot remove '/raid/yilegu/roofline_guided_agent/VibeSimWorkspace/scripts-local/vibesim-analysis-container/iter_opt_eval_k3_kda/trial_3_tree/kernels/ops/gemm/__pycache__/tiny_gemm.cpython-312.pyc': Permission denied
rm: cannot remove '/raid/yilegu/roofline_guided_agent/VibeSimWorkspace/scripts-local/vibesim-analysis-container/iter_opt_eval_k3_kda/trial_3_tree/kernels/ops/gemm/__pycache__/__init__.cpython-312.pyc': Permission denied
rm: cannot remove '/raid/yilegu/roofline_guided_agent/VibeSimWorkspace/scripts-local/vibesim-analysis-container/iter_opt_eval_k3_kda/trial_3_tree/kernels/ops/gemm/__pycache__/kernel_utils.cpython-312.pyc': Permission denied
rm: cannot remove '/raid/yilegu/roofline_guided_agent/VibeSimWorkspace/scripts-local/vibesim-analysis-container/iter_opt_eval_k3_kda/trial_3_tree/kernels/ops/gemm/__pycache__/fused_a_gemm.cpython-312.pyc': Permission denied
rm: cannot remove '/raid/yilegu/roofline_guided_agent/VibeSimWorkspace/scripts-local/vibesim-analysis-container/iter_opt_eval_k3_kda/trial_3_tree/kernels/ops/attention/dsa/__pycache__/paged_mqa_logits.cpython-312.pyc': Permission denied
rm: cannot remove '/raid/yilegu/roofline_guided_agent/VibeSimWorkspace/scripts-local/vibesim-analysis-container/iter_opt_eval_k3_kda/trial_3_tree/kernels/ops/attention/dsa/__pycache__/__init__.cpython-312.pyc': Permission denied
rm: cannot remove '/raid/yilegu/roofline_guided_agent/VibeSimWorkspace/scripts-local/vibesim-analysis-container/iter_opt_eval_k3_kda/trial_3_tree/kernels/ops/attention/dsa/__pycache__/transform_index.cpython-312.pyc': Permission denied
rm: cannot remove '/raid/yilegu/roofline_guided_agent/VibeSimWorkspace/scripts-local/vibesim-analysis-container/iter_opt_eval_k3_kda/trial_3_tree/kernels/ops/attention/dsa/__pycache__/dequant_k_cache.cpython-312.pyc': Permission denied
rm: cannot remove '/raid/yilegu/roofline_guided_agent/VibeSimWorkspace/scripts-local/vibesim-analysis-container/iter_opt_eval_k3_kda/trial_3_tree/kernels/ops/attention/dsa/__pycache__/index_buf_accessor.cpython-312.pyc': Permission denied
rm: cannot remove '/raid/yilegu/roofline_guided_agent/VibeSimWorkspace/scripts-local/vibesim-analysis-container/iter_opt_eval_k3_kda/trial_3_tree/kernels/ops/attention/dsa/__pycache__/quant_k_cache.cpython-312.pyc': Permission denied
rm: cannot remove '/raid/yilegu/roofline_guided_agent/VibeSimWorkspace/scripts-local/vibesim-analysis-container/iter_opt_eval_k3_kda/trial_3_tree/kernels/ops/attention/dsv4/__pycache__/c128_cleanup.cpython-312.pyc': Permission denied
rm: cannot remove '/raid/yilegu/roofline_guided_agent/VibeSimWorkspace/scripts-local/vibesim-analysis-container/iter_opt_eval_k3_kda/trial_3_tree/kernels/ops/attention/dsv4/__pycache__/compress.cpython-312.pyc': Permission denied
rm: cannot remove '/raid/yilegu/roofline_guided_agent/VibeSimWorkspace/scripts-local/vibesim-analysis-container/iter_opt_eval_k3_kda/trial_3_tree/kernels/ops/attention/dsv4/__pycache__/__init__.cpython-312.pyc': Permission denied
rm: cannot remove '/raid/yilegu/roofline_guided_agent/VibeSimWorkspace/scripts-local/vibesim-analysis-container/iter_opt_eval_k3_kda/trial_3_tree/kernels/ops/attention/dsv4/__pycache__/topk.cpython-312.pyc': Permission denied
rm: cannot remove '/raid/yilegu/roofline_guided_agent/VibeSimWorkspace/scripts-local/vibesim-analysis-container/iter_opt_eval_k3_kda/trial_3_tree/kernels/ops/attention/dsv4/__pycache__/attn.cpython-312.pyc': Permission denied
rm: cannot remove '/raid/yilegu/roofline_guided_agent/VibeSimWorkspace/scripts-local/vibesim-analysis-container/iter_opt_eval_k3_kda/trial_3_tree/kernels/ops/attention/dsv4/__pycache__/utils.cpython-312.pyc': Permission denied
rm: cannot remove '/raid/yilegu/roofline_guided_agent/VibeSimWorkspace/scripts-local/vibesim-analysis-container/iter_opt_eval_k3_kda/trial_3_tree/kernels/ops/attention/dsv4/__pycache__/moe.cpython-312.pyc': Permission denied
rm: cannot remove '/raid/yilegu/roofline_guided_agent/VibeSimWorkspace/scripts-local/vibesim-analysis-container/iter_opt_eval_k3_kda/trial_3_tree/kernels/ops/attention/dsv4/__pycache__/gemm.cpython-312.pyc': Permission denied
rm: cannot remove '/raid/yilegu/roofline_guided_agent/VibeSimWorkspace/scripts-local/vibesim-analysis-container/iter_opt_eval_k3_kda/trial_3_tree/kernels/ops/attention/dsv4/__pycache__/compress_old.cpython-312.pyc': Permission denied
rm: cannot remove '/raid/yilegu/roofline_guided_agent/VibeSimWorkspace/scripts-local/vibesim-analysis-container/iter_opt_eval_k3_kda/trial_3_tree/kernels/ops/attention/dsv4/__pycache__/elementwise.cpython-312.pyc': Permission denied
rm: cannot remove '/raid/yilegu/roofline_guided_agent/VibeSimWorkspace/scripts-local/vibesim-analysis-container/iter_opt_eval_k3_kda/trial_3_tree/kernels/ops/attention/dsv4/__pycache__/index_buf_accessor.cpython-312.pyc': Permission denied
rm: cannot remove '/raid/yilegu/roofline_guided_agent/VibeSimWorkspace/scripts-local/vibesim-analysis-container/iter_opt_eval_k3_kda/trial_3_tree/kernels/ops/attention/dsv4/__pycache__/fp8_wo_a.cpython-312.pyc': Permission denied
rm: cannot remove '/raid/yilegu/roofline_guided_agent/VibeSimWorkspace/scripts-local/vibesim-analysis-container/iter_opt_eval_k3_kda/trial_3_tree/kernels/ops/attention/dsv4/unified_kv_kernels/__pycache__/layout.cpython-312.pyc': Permission denied
rm: cannot remove '/raid/yilegu/roofline_guided_agent/VibeSimWorkspace/scripts-local/vibesim-analysis-container/iter_opt_eval_k3_kda/trial_3_tree/kernels/ops/attention/__pycache__/kda_fused_decode_aiter_hip.cpython-312.pyc': Permission denied
rm: cannot remove '/raid/yilegu/roofline_guided_agent/VibeSimWorkspace/scripts-local/vibesim-analysis-container/iter_opt_eval_k3_kda/trial_3_tree/kernels/ops/attention/__pycache__/fixup_zero_kv.cpython-312.pyc': Permission denied
rm: cannot remove '/raid/yilegu/roofline_guided_agent/VibeSimWorkspace/scripts-local/vibesim-analysis-container/iter_opt_eval_k3_kda/trial_3_tree/kernels/ops/attention/__pycache__/vision_rope.cpython-312.pyc': Permission denied
rm: cannot remove '/raid/yilegu/roofline_guided_agent/VibeSimWorkspace/scripts-local/vibesim-analysis-container/iter_opt_eval_k3_kda/trial_3_tree/kernels/ops/attention/__pycache__/__init__.cpython-312.pyc': Permission denied
rm: cannot remove '/raid/yilegu/roofline_guided_agent/VibeSimWorkspace/scripts-local/vibesim-analysis-container/iter_opt_eval_k3_kda/trial_3_tree/kernels/ops/attention/__pycache__/utils.cpython-312.pyc': Permission denied
rm: cannot remove '/raid/yilegu/roofline_guided_agent/VibeSimWorkspace/scripts-local/vibesim-analysis-container/iter_opt_eval_k3_kda/trial_3_tree/kernels/ops/attention/__pycache__/concat_mla.cpython-312.pyc': Permission denied
rm: cannot remove '/raid/yilegu/roofline_guided_agent/VibeSimWorkspace/scripts-local/vibesim-analysis-container/iter_opt_eval_k3_kda/trial_3_tree/kernels/ops/attention/__pycache__/dsa_metadata.cpython-312.pyc': Permission denied
rm: cannot remove '/raid/yilegu/roofline_guided_agent/VibeSimWorkspace/scripts-local/vibesim-analysis-container/iter_opt_eval_k3_kda/trial_3_tree/kernels/ops/attention/__pycache__/rotary_triton.cpython-312.pyc': Permission denied
rm: cannot remove '/raid/yilegu/roofline_guided_agent/VibeSimWorkspace/scripts-local/vibesim-analysis-container/iter_opt_eval_k3_kda/trial_3_tree/kernels/ops/attention/__pycache__/set_mla_kv_concat_q.cpython-312.pyc': Permission denied
rm: cannot remove '/raid/yilegu/roofline_guided_agent/VibeSimWorkspace/scripts-local/vibesim-analysis-container/iter_opt_eval_k3_kda/trial_3_tree/kernels/ops/attention/__pycache__/fused_store_index_cache.cpython-312.pyc': Permission denied
rm: cannot remove '/raid/yilegu/roofline_guided_agent/VibeSimWorkspace/scripts-local/vibesim-analysis-container/iter_opt_eval_k3_kda/trial_3_tree/kernels/ops/attention/__pycache__/pad.cpython-312.pyc': Permission denied
rm: cannot remove '/raid/yilegu/roofline_guided_agent/VibeSimWorkspace/scripts-local/vibesim-analysis-container/iter_opt_eval_k3_kda/trial_3_tree/kernels/ops/attention/__pycache__/flash_attention.cpython-312.pyc': Permission denied
rm: cannot remove '/raid/yilegu/roofline_guided_agent/VibeSimWorkspace/scripts-local/vibesim-analysis-container/iter_opt_eval_k3_kda/trial_3_tree/kernels/ops/attention/__pycache__/mrope.cpython-312.pyc': Permission denied
rm: cannot remove '/raid/yilegu/roofline_guided_agent/VibeSimWorkspace/scripts-local/vibesim-analysis-container/iter_opt_eval_k3_kda/trial_3_tree/kernels/ops/attention/__pycache__/kda_fused_decode.cpython-312.pyc': Permission denied
rm: cannot remove '/raid/yilegu/roofline_guided_agent/VibeSimWorkspace/scripts-local/vibesim-analysis-container/iter_opt_eval_k3_kda/trial_3_tree/kernels/ops/attention/__pycache__/dcp_kernels.cpython-312.pyc': Permission denied
rm: cannot remove '/raid/yilegu/roofline_guided_agent/VibeSimWorkspace/scripts-local/vibesim-analysis-container/iter_opt_eval_k3_kda/trial_3_tree/kernels/ops/attention/__pycache__/clamp_position.cpython-312.pyc': Permission denied
rm: cannot remove '/raid/yilegu/roofline_guided_agent/VibeSimWorkspace/scripts-local/vibesim-analysis-container/iter_opt_eval_k3_kda/trial_3_tree/kernels/ops/attention/__pycache__/rope.cpython-312.pyc': Permission denied
rm: cannot remove '/raid/yilegu/roofline_guided_agent/VibeSimWorkspace/scripts-local/vibesim-analysis-container/iter_opt_eval_k3_kda/trial_3_tree/kernels/ops/attention/__pycache__/prefill_attention.cpython-312.pyc': Permission denied
rm: cannot remove '/raid/yilegu/roofline_guided_agent/VibeSimWorkspace/scripts-local/vibesim-analysis-container/iter_opt_eval_k3_kda/trial_3_tree/kernels/ops/attention/__pycache__/position.cpython-312.pyc': Permission denied
rm: cannot remove '/raid/yilegu/roofline_guided_agent/VibeSimWorkspace/scripts-local/vibesim-analysis-container/iter_opt_eval_k3_kda/trial_3_tree/kernels/ops/attention/__pycache__/flash_attention_v3.cpython-312.pyc': Permission denied
rm: cannot remove '/raid/yilegu/roofline_guided_agent/VibeSimWorkspace/scripts-local/vibesim-analysis-container/iter_opt_eval_k3_kda/trial_3_tree/kernels/ops/attention/fla/__pycache__/chunk_delta_h.cpython-312.pyc': Permission denied
rm: cannot remove '/raid/yilegu/roofline_guided_agent/VibeSimWorkspace/scripts-local/vibesim-analysis-container/iter_opt_eval_k3_kda/trial_3_tree/kernels/ops/attention/fla/__pycache__/l2norm.cpython-312.pyc': Permission denied
rm: cannot remove '/raid/yilegu/roofline_guided_agent/VibeSimWorkspace/scripts-local/vibesim-analysis-container/iter_opt_eval_k3_kda/trial_3_tree/kernels/ops/attention/fla/__pycache__/chunk_intra_token_parallel.cpython-312.pyc': Permission denied
rm: cannot remove '/raid/yilegu/roofline_guided_agent/VibeSimWorkspace/scripts-local/vibesim-analysis-container/iter_opt_eval_k3_kda/trial_3_tree/kernels/ops/attention/fla/__pycache__/fused_sigmoid_gating_recurrent.cpython-312.pyc': Permission denied
rm: cannot remove '/raid/yilegu/roofline_guided_agent/VibeSimWorkspace/scripts-local/vibesim-analysis-container/iter_opt_eval_k3_kda/trial_3_tree/kernels/ops/attention/fla/__pycache__/index.cpython-312.pyc': Permission denied
rm: cannot remove '/raid/yilegu/roofline_guided_agent/VibeSimWorkspace/scripts-local/vibesim-analysis-container/iter_opt_eval_k3_kda/trial_3_tree/kernels/ops/attention/fla/__pycache__/utils.cpython-312.pyc': Permission denied
rm: cannot remove '/raid/yilegu/roofline_guided_agent/VibeSimWorkspace/scripts-local/vibesim-analysis-container/iter_opt_eval_k3_kda/trial_3_tree/kernels/ops/attention/fla/__pycache__/layernorm_gated.cpython-312.pyc': Permission denied
rm: cannot remove '/raid/yilegu/roofline_guided_agent/VibeSimWorkspace/scripts-local/vibesim-analysis-container/iter_opt_eval_k3_kda/trial_3_tree/kernels/ops/attention/fla/__pycache__/fused_recurrent_linear_replayssm.cpython-312.pyc': Permission denied
rm: cannot remove '/raid/yilegu/roofline_guided_agent/VibeSimWorkspace/scripts-local/vibesim-analysis-container/iter_opt_eval_k3_kda/trial_3_tree/kernels/ops/attention/fla/__pycache__/fused_norm_gate.cpython-312.pyc': Permission denied
rm: cannot remove '/raid/yilegu/roofline_guided_agent/VibeSimWorkspace/scripts-local/vibesim-analysis-container/iter_opt_eval_k3_kda/trial_3_tree/kernels/ops/attention/fla/__pycache__/fused_recurrent.cpython-312.pyc': Permission denied
rm: cannot remove '/raid/yilegu/roofline_guided_agent/VibeSimWorkspace/scripts-local/vibesim-analysis-container/iter_opt_eval_k3_kda/trial_3_tree/kernels/ops/attention/fla/__pycache__/chunk_intra.cpython-312.pyc': Permission denied
rm: cannot remove '/raid/yilegu/roofline_guided_agent/VibeSimWorkspace/scripts-local/vibesim-analysis-container/iter_opt_eval_k3_kda/trial_3_tree/kernels/ops/attention/fla/__pycache__/kda.cpython-312.pyc': Permission denied
rm: cannot remove '/raid/yilegu/roofline_guided_agent/VibeSimWorkspace/scripts-local/vibesim-analysis-container/iter_opt_eval_k3_kda/trial_3_tree/kernels/ops/attention/fla/__pycache__/cumsum.cpython-312.pyc': Permission denied
rm: cannot remove '/raid/yilegu/roofline_guided_agent/VibeSimWorkspace/scripts-local/vibesim-analysis-container/iter_opt_eval_k3_kda/trial_3_tree/kernels/ops/attention/fla/__pycache__/op.cpython-312.pyc': Permission denied
rm: cannot remove '/raid/yilegu/roofline_guided_agent/VibeSimWorkspace/scripts-local/vibesim-analysis-container/iter_opt_eval_k3_kda/trial_3_tree/kernels/ops/kimi_k3/__pycache__/__init__.cpython-312.pyc': Permission denied
rm: cannot remove '/raid/yilegu/roofline_guided_agent/VibeSimWorkspace/scripts-local/vibesim-analysis-container/iter_opt_eval_k3_kda/trial_3_tree/kernels/ops/kimi_k3/__pycache__/activation.cpython-312.pyc': Permission denied
rm: cannot remove '/raid/yilegu/roofline_guided_agent/VibeSimWorkspace/scripts-local/vibesim-analysis-container/iter_opt_eval_k3_kda/trial_3_tree/kernels/ops/grammar/__pycache__/__init__.cpython-312.pyc': Permission denied
rm: cannot remove '/raid/yilegu/roofline_guided_agent/VibeSimWorkspace/scripts-local/vibesim-analysis-container/iter_opt_eval_k3_kda/trial_3_tree/kernels/ops/minicpm_sala/__pycache__/__init__.cpython-312.pyc': Permission denied
rm: cannot remove '/raid/yilegu/roofline_guided_agent/VibeSimWorkspace/scripts-local/vibesim-analysis-container/iter_opt_eval_k3_kda/trial_3_tree/kernels/ops/quantization/__pycache__/gptq_marlin.cpython-312.pyc': Permission denied
rm: cannot remove '/raid/yilegu/roofline_guided_agent/VibeSimWorkspace/scripts-local/vibesim-analysis-container/iter_opt_eval_k3_kda/trial_3_tree/kernels/ops/quantization/__pycache__/int8_kernel.cpython-312.pyc': Permission denied
rm: cannot remove '/raid/yilegu/roofline_guided_agent/VibeSimWorkspace/scripts-local/vibesim-analysis-container/iter_opt_eval_k3_kda/trial_3_tree/kernels/ops/quantization/__pycache__/per_tensor_quant_fp8.cpython-312.pyc': Permission denied
rm: cannot remove '/raid/yilegu/roofline_guided_agent/VibeSimWorkspace/scripts-local/vibesim-analysis-container/iter_opt_eval_k3_kda/trial_3_tree/kernels/ops/quantization/__pycache__/fp8_utils.cpython-312.pyc': Permission denied
rm: cannot remove '/raid/yilegu/roofline_guided_agent/VibeSimWorkspace/scripts-local/vibesim-analysis-container/iter_opt_eval_k3_kda/trial_3_tree/kernels/ops/quantization/__pycache__/__init__.cpython-312.pyc': Permission denied
rm: cannot remove '/raid/yilegu/roofline_guided_agent/VibeSimWorkspace/scripts-local/vibesim-analysis-container/iter_opt_eval_k3_kda/trial_3_tree/kernels/ops/quantization/__pycache__/awq_triton.cpython-312.pyc': Permission denied
rm: cannot remove '/raid/yilegu/roofline_guided_agent/VibeSimWorkspace/scripts-local/vibesim-analysis-container/iter_opt_eval_k3_kda/trial_3_tree/kernels/ops/quantization/__pycache__/per_token_group_quant.cpython-312.pyc': Permission denied
rm: cannot remove '/raid/yilegu/roofline_guided_agent/VibeSimWorkspace/scripts-local/vibesim-analysis-container/iter_opt_eval_k3_kda/trial_3_tree/kernels/ops/quantization/__pycache__/fp8_kernel.cpython-312.pyc': Permission denied
rm: cannot remove '/raid/yilegu/roofline_guided_agent/VibeSimWorkspace/scripts-local/vibesim-analysis-container/iter_opt_eval_k3_kda/trial_3_tree/kernels/ops/quantization/__pycache__/gptq_marlin_repack.cpython-312.pyc': Permission denied
rm: cannot remove '/raid/yilegu/roofline_guided_agent/VibeSimWorkspace/scripts-local/vibesim-analysis-container/iter_opt_eval_k3_kda/trial_3_tree/kernels/ops/quantization/dsv32/__pycache__/__init__.cpython-312.pyc': Permission denied
rm: cannot remove '/raid/yilegu/roofline_guided_agent/VibeSimWorkspace/scripts-local/vibesim-analysis-container/iter_opt_eval_k3_kda/trial_3_tree/kernels/ops/quantization/dsv32/__pycache__/elementwise.cpython-312.pyc': Permission denied
rm: cannot remove '/raid/yilegu/roofline_guided_agent/VibeSimWorkspace/scripts-local/vibesim-analysis-container/iter_opt_eval_k3_kda/trial_3_tree/kernels/ops/elementwise/__pycache__/__init__.cpython-312.pyc': Permission denied
rm: cannot remove '/raid/yilegu/roofline_guided_agent/VibeSimWorkspace/scripts-local/vibesim-analysis-container/iter_opt_eval_k3_kda/trial_3_tree/kernels/ops/memory/__pycache__/ptr_table.cpython-312.pyc': Permission denied
rm: cannot remove '/raid/yilegu/roofline_guided_agent/VibeSimWorkspace/scripts-local/vibesim-analysis-container/iter_opt_eval_k3_kda/trial_3_tree/kernels/ops/memory/__pycache__/__init__.cpython-312.pyc': Permission denied
rm: cannot remove '/raid/yilegu/roofline_guided_agent/VibeSimWorkspace/scripts-local/vibesim-analysis-container/iter_opt_eval_k3_kda/trial_3_tree/kernels/ops/memory/__pycache__/gpu_tensor_hash.cpython-312.pyc': Permission denied
rm: cannot remove '/raid/yilegu/roofline_guided_agent/VibeSimWorkspace/scripts-local/vibesim-analysis-container/iter_opt_eval_k3_kda/trial_3_tree/kernels/ops/memory/__pycache__/virtual_slot.cpython-312.pyc': Permission denied
rm: cannot remove '/raid/yilegu/roofline_guided_agent/VibeSimWorkspace/scripts-local/vibesim-analysis-container/iter_opt_eval_k3_kda/trial_3_tree/kernels/ops/memory/__pycache__/memcpy_triton.cpython-312.pyc': Permission denied
rm: cannot remove '/raid/yilegu/roofline_guided_agent/VibeSimWorkspace/scripts-local/vibesim-analysis-container/iter_opt_eval_k3_kda/trial_3_tree/kernels/ops/memory/__pycache__/allocator.cpython-312.pyc': Permission denied
rm: cannot remove '/raid/yilegu/roofline_guided_agent/VibeSimWorkspace/scripts-local/vibesim-analysis-container/iter_opt_eval_k3_kda/trial_3_tree/kernels/ops/memory/__pycache__/common.cpython-312.pyc': Permission denied
rm: cannot remove '/raid/yilegu/roofline_guided_agent/VibeSimWorkspace/scripts-local/vibesim-analysis-container/iter_opt_eval_k3_kda/trial_3_tree/kernels/ops/mamba/__pycache__/mamba_state_indices_triton.cpython-312.pyc': Permission denied
rm: cannot remove '/raid/yilegu/roofline_guided_agent/VibeSimWorkspace/scripts-local/vibesim-analysis-container/iter_opt_eval_k3_kda/trial_3_tree/kernels/ops/mamba/__pycache__/__init__.cpython-312.pyc': Permission denied
rm: cannot remove '/raid/yilegu/roofline_guided_agent/VibeSimWorkspace/scripts-local/vibesim-analysis-container/iter_opt_eval_k3_kda/trial_3_tree/kernels/ops/mamba/__pycache__/mamba_state_scatter_triton.cpython-312.pyc': Permission denied
rm: cannot remove '/raid/yilegu/roofline_guided_agent/VibeSimWorkspace/scripts-local/vibesim-analysis-container/iter_opt_eval_k3_kda/trial_3_tree/kernels/ops/mamba/__pycache__/causal_conv1d_triton.cpython-312.pyc': Permission denied
rm: cannot remove '/raid/yilegu/roofline_guided_agent/VibeSimWorkspace/scripts-local/vibesim-analysis-container/iter_opt_eval_k3_kda/trial_3_tree/kernels/ops/mamba/triton_ops/__pycache__/ssd_state_passing.cpython-312.pyc': Permission denied
rm: cannot remove '/raid/yilegu/roofline_guided_agent/VibeSimWorkspace/scripts-local/vibesim-analysis-container/iter_opt_eval_k3_kda/trial_3_tree/kernels/ops/mamba/triton_ops/__pycache__/ssu_dispatch.cpython-312.pyc': Permission denied
rm: cannot remove '/raid/yilegu/roofline_guided_agent/VibeSimWorkspace/scripts-local/vibesim-analysis-container/iter_opt_eval_k3_kda/trial_3_tree/kernels/ops/mamba/triton_ops/__pycache__/ssd_combined.cpython-312.pyc': Permission denied
rm: cannot remove '/raid/yilegu/roofline_guided_agent/VibeSimWorkspace/scripts-local/vibesim-analysis-container/iter_opt_eval_k3_kda/trial_3_tree/kernels/ops/mamba/triton_ops/__pycache__/mamba_ssm.cpython-312.pyc': Permission denied
rm: cannot remove '/raid/yilegu/roofline_guided_agent/VibeSimWorkspace/scripts-local/vibesim-analysis-container/iter_opt_eval_k3_kda/trial_3_tree/kernels/ops/mamba/triton_ops/__pycache__/ssd_bmm.cpython-312.pyc': Permission denied
rm: cannot remove '/raid/yilegu/roofline_guided_agent/VibeSimWorkspace/scripts-local/vibesim-analysis-container/iter_opt_eval_k3_kda/trial_3_tree/kernels/ops/mamba/triton_ops/__pycache__/__init__.cpython-312.pyc': Permission denied
rm: cannot remove '/raid/yilegu/roofline_guided_agent/VibeSimWorkspace/scripts-local/vibesim-analysis-container/iter_opt_eval_k3_kda/trial_3_tree/kernels/ops/mamba/triton_ops/__pycache__/ssd_chunk_scan.cpython-312.pyc': Permission denied
rm: cannot remove '/raid/yilegu/roofline_guided_agent/VibeSimWorkspace/scripts-local/vibesim-analysis-container/iter_opt_eval_k3_kda/trial_3_tree/kernels/ops/mamba/triton_ops/__pycache__/ssd_chunk_state.cpython-312.pyc': Permission denied
rm: cannot remove '/raid/yilegu/roofline_guided_agent/VibeSimWorkspace/scripts-local/vibesim-analysis-container/iter_opt_eval_k3_kda/trial_3_tree/kernels/ops/diffusion/__pycache__/__init__.cpython-312.pyc': Permission denied
rm: cannot remove '/raid/yilegu/roofline_guided_agent/VibeSimWorkspace/scripts-local/vibesim-analysis-container/iter_opt_eval_k3_kda/trial_3_tree/kernels/ops/kv_canary/__pycache__/write.cpython-312.pyc': Permission denied
rm: cannot remove '/raid/yilegu/roofline_guided_agent/VibeSimWorkspace/scripts-local/vibesim-analysis-container/iter_opt_eval_k3_kda/trial_3_tree/kernels/ops/kv_canary/__pycache__/__init__.cpython-312.pyc': Permission denied
rm: cannot remove '/raid/yilegu/roofline_guided_agent/VibeSimWorkspace/scripts-local/vibesim-analysis-container/iter_opt_eval_k3_kda/trial_3_tree/kernels/ops/kv_canary/__pycache__/consts.cpython-312.pyc': Permission denied
rm: cannot remove '/raid/yilegu/roofline_guided_agent/VibeSimWorkspace/scripts-local/vibesim-analysis-container/iter_opt_eval_k3_kda/trial_3_tree/kernels/ops/kv_canary/__pycache__/scatter_req_token_ids.cpython-312.pyc': Permission denied
rm: cannot remove '/raid/yilegu/roofline_guided_agent/VibeSimWorkspace/scripts-local/vibesim-analysis-container/iter_opt_eval_k3_kda/trial_3_tree/kernels/ops/kv_canary/__pycache__/verify.cpython-312.pyc': Permission denied
rm: cannot remove '/raid/yilegu/roofline_guided_agent/VibeSimWorkspace/scripts-local/vibesim-analysis-container/iter_opt_eval_k3_kda/trial_3_tree/kernels/ops/kv_canary/plan/__pycache__/__init__.cpython-312.pyc': Permission denied
rm: cannot remove '/raid/yilegu/roofline_guided_agent/VibeSimWorkspace/scripts-local/vibesim-analysis-container/iter_opt_eval_k3_kda/trial_3_tree/kernels/ops/kv_canary/plan/__pycache__/utils.cpython-312.pyc': Permission denied
rm: cannot remove '/raid/yilegu/roofline_guided_agent/VibeSimWorkspace/scripts-local/vibesim-analysis-container/iter_opt_eval_k3_kda/trial_3_tree/kernels/ops/kv_canary/plan/__pycache__/offsets_kernel.cpython-312.pyc': Permission denied
rm: cannot remove '/raid/yilegu/roofline_guided_agent/VibeSimWorkspace/scripts-local/vibesim-analysis-container/iter_opt_eval_k3_kda/trial_3_tree/kernels/ops/kv_canary/plan/__pycache__/api.cpython-312.pyc': Permission denied
rm: cannot remove '/raid/yilegu/roofline_guided_agent/VibeSimWorkspace/scripts-local/vibesim-analysis-container/iter_opt_eval_k3_kda/trial_3_tree/kernels/ops/kv_canary/plan/__pycache__/entries_kernel.cpython-312.pyc': Permission denied
rm: cannot remove '/raid/yilegu/roofline_guided_agent/VibeSimWorkspace/scripts-local/vibesim-analysis-container/iter_opt_eval_k3_kda/trial_3_tree/kernels/ops/__pycache__/__init__.cpython-312.pyc': Permission denied
rm: cannot remove '/raid/yilegu/roofline_guided_agent/VibeSimWorkspace/scripts-local/vibesim-analysis-container/iter_opt_eval_k3_kda/trial_3_tree/kernels/ops/activation/__pycache__/__init__.cpython-312.pyc': Permission denied
rm: cannot remove '/raid/yilegu/roofline_guided_agent/VibeSimWorkspace/scripts-local/vibesim-analysis-container/iter_opt_eval_k3_kda/trial_3_tree/kernels/ops/activation/__pycache__/softcap.cpython-312.pyc': Permission denied
rm: cannot remove '/raid/yilegu/roofline_guided_agent/VibeSimWorkspace/scripts-local/vibesim-analysis-container/iter_opt_eval_k3_kda/trial_3_tree/kernels/ops/activation/__pycache__/activation.cpython-312.pyc': Permission denied
rm: cannot remove '/raid/yilegu/roofline_guided_agent/VibeSimWorkspace/scripts-local/vibesim-analysis-container/iter_opt_eval_k3_kda/trial_3_tree/kernels/ops/lplb/__pycache__/__init__.cpython-312.pyc': Permission denied
rm: cannot remove '/raid/yilegu/roofline_guided_agent/VibeSimWorkspace/scripts-local/vibesim-analysis-container/iter_opt_eval_k3_kda/trial_3_tree/kernels/ops/speculative/__pycache__/ngram_embedding.cpython-312.pyc': Permission denied
rm: cannot remove '/raid/yilegu/roofline_guided_agent/VibeSimWorkspace/scripts-local/vibesim-analysis-container/iter_opt_eval_k3_kda/trial_3_tree/kernels/ops/speculative/__pycache__/spec_tree.cpython-312.pyc': Permission denied
rm: cannot remove '/raid/yilegu/roofline_guided_agent/VibeSimWorkspace/scripts-local/vibesim-analysis-container/iter_opt_eval_k3_kda/trial_3_tree/kernels/ops/speculative/__pycache__/gather_spec_extras.cpython-312.pyc': Permission denied
rm: cannot remove '/raid/yilegu/roofline_guided_agent/VibeSimWorkspace/scripts-local/vibesim-analysis-container/iter_opt_eval_k3_kda/trial_3_tree/kernels/ops/speculative/__pycache__/__init__.cpython-312.pyc': Permission denied
rm: cannot remove '/raid/yilegu/roofline_guided_agent/VibeSimWorkspace/scripts-local/vibesim-analysis-container/iter_opt_eval_k3_kda/trial_3_tree/kernels/ops/speculative/__pycache__/cache_locs.cpython-312.pyc': Permission denied
rm: cannot remove '/raid/yilegu/roofline_guided_agent/VibeSimWorkspace/scripts-local/vibesim-analysis-container/iter_opt_eval_k3_kda/trial_3_tree/kernels/ops/speculative/__pycache__/eagle.cpython-312.pyc': Permission denied
rm: cannot remove '/raid/yilegu/roofline_guided_agent/VibeSimWorkspace/scripts-local/vibesim-analysis-container/iter_opt_eval_k3_kda/trial_3_tree/kernels/ops/communication/__pycache__/__init__.cpython-312.pyc': Permission denied
rm: cannot remove '/raid/yilegu/roofline_guided_agent/VibeSimWorkspace/scripts-local/vibesim-analysis-container/iter_opt_eval_k3_kda/trial_3_tree/kernels/ops/communication/__pycache__/all_reduce.cpython-312.pyc': Permission denied
rm: cannot remove '/raid/yilegu/roofline_guided_agent/VibeSimWorkspace/scripts-local/vibesim-analysis-container/iter_opt_eval_k3_kda/trial_3_tree/kernels/ops/kvcache/__pycache__/mla_buffer.cpython-312.pyc': Permission denied
rm: cannot remove '/raid/yilegu/roofline_guided_agent/VibeSimWorkspace/scripts-local/vibesim-analysis-container/iter_opt_eval_k3_kda/trial_3_tree/kernels/ops/kvcache/__pycache__/cache_move.cpython-312.pyc': Permission denied
rm: cannot remove '/raid/yilegu/roofline_guided_agent/VibeSimWorkspace/scripts-local/vibesim-analysis-container/iter_opt_eval_k3_kda/trial_3_tree/kernels/ops/kvcache/__pycache__/__init__.cpython-312.pyc': Permission denied
rm: cannot remove '/raid/yilegu/roofline_guided_agent/VibeSimWorkspace/scripts-local/vibesim-analysis-container/iter_opt_eval_k3_kda/trial_3_tree/kernels/ops/kvcache/__pycache__/rope_cache.cpython-312.pyc': Permission denied
rm: cannot remove '/raid/yilegu/roofline_guided_agent/VibeSimWorkspace/scripts-local/vibesim-analysis-container/iter_opt_eval_k3_kda/trial_3_tree/kernels/ops/kvcache/__pycache__/kvcache.cpython-312.pyc': Permission denied
rm: cannot remove '/raid/yilegu/roofline_guided_agent/VibeSimWorkspace/scripts-local/vibesim-analysis-container/iter_opt_eval_k3_kda/trial_3_tree/kernels/ops/kvcache/__pycache__/kv_indices.cpython-312.pyc': Permission denied
rm: cannot remove '/raid/yilegu/roofline_guided_agent/VibeSimWorkspace/scripts-local/vibesim-analysis-container/iter_opt_eval_k3_kda/trial_3_tree/kernels/ops/kvcache/__pycache__/cache_ops.cpython-312.pyc': Permission denied
rm: cannot remove '/raid/yilegu/roofline_guided_agent/VibeSimWorkspace/scripts-local/vibesim-analysis-container/iter_opt_eval_k3_kda/trial_3_tree/kernels/ops/kvcache/__pycache__/kv_read_table.cpython-312.pyc': Permission denied
rm: cannot remove '/raid/yilegu/roofline_guided_agent/VibeSimWorkspace/scripts-local/vibesim-analysis-container/iter_opt_eval_k3_kda/trial_3_tree/kernels/ops/kvcache/__pycache__/hicache.cpython-312.pyc': Permission denied
rm: cannot remove '/raid/yilegu/roofline_guided_agent/VibeSimWorkspace/scripts-local/vibesim-analysis-container/iter_opt_eval_k3_kda/trial_3_tree/kernels/ops/kvcache/__pycache__/zero_pages.cpython-312.pyc': Permission denied
rm: cannot remove '/raid/yilegu/roofline_guided_agent/VibeSimWorkspace/scripts-local/vibesim-analysis-container/iter_opt_eval_k3_kda/trial_3_tree/kernels/ops/moe/__pycache__/moe_route_quant_fused.cpython-312.pyc': Permission denied
rm: cannot remove '/raid/yilegu/roofline_guided_agent/VibeSimWorkspace/scripts-local/vibesim-analysis-container/iter_opt_eval_k3_kda/trial_3_tree/kernels/ops/moe/__pycache__/moe_route_radix.cpython-312.pyc': Permission denied
rm: cannot remove '/raid/yilegu/roofline_guided_agent/VibeSimWorkspace/scripts-local/vibesim-analysis-container/iter_opt_eval_k3_kda/trial_3_tree/kernels/ops/moe/__pycache__/moe_align_small_numel.cpython-312.pyc': Permission denied
rm: cannot remove '/raid/yilegu/roofline_guided_agent/VibeSimWorkspace/scripts-local/vibesim-analysis-container/iter_opt_eval_k3_kda/trial_3_tree/kernels/ops/moe/__pycache__/__init__.cpython-312.pyc': Permission denied
rm: cannot remove '/raid/yilegu/roofline_guided_agent/VibeSimWorkspace/scripts-local/vibesim-analysis-container/iter_opt_eval_k3_kda/trial_3_tree/kernels/ops/moe/__pycache__/triton_pad_expert_counts.cpython-312.pyc': Permission denied
rm: cannot remove '/raid/yilegu/roofline_guided_agent/VibeSimWorkspace/scripts-local/vibesim-analysis-container/iter_opt_eval_k3_kda/trial_3_tree/kernels/ops/moe/__pycache__/moe_fused_gate.cpython-312.pyc': Permission denied
rm: cannot remove '/raid/yilegu/roofline_guided_agent/VibeSimWorkspace/scripts-local/vibesim-analysis-container/iter_opt_eval_k3_kda/trial_3_tree/kernels/ops/moe/__pycache__/fill_padded_rows.cpython-312.pyc': Permission denied
rm: cannot remove '/raid/yilegu/roofline_guided_agent/VibeSimWorkspace/scripts-local/vibesim-analysis-container/iter_opt_eval_k3_kda/trial_3_tree/kernels/ops/moe/__pycache__/moe_topk_sigmoid.cpython-312.pyc': Permission denied
rm: cannot remove '/raid/yilegu/roofline_guided_agent/VibeSimWorkspace/scripts-local/vibesim-analysis-container/iter_opt_eval_k3_kda/trial_3_tree/kernels/ops/moe/__pycache__/fused_moe_triton_kernels.cpython-312.pyc': Permission denied
rm: cannot remove '/raid/yilegu/roofline_guided_agent/VibeSimWorkspace/scripts-local/vibesim-analysis-container/iter_opt_eval_k3_kda/trial_3_tree/kernels/ops/sampling/__pycache__/murmur_hash.cpython-312.pyc': Permission denied
rm: cannot remove '/raid/yilegu/roofline_guided_agent/VibeSimWorkspace/scripts-local/vibesim-analysis-container/iter_opt_eval_k3_kda/trial_3_tree/kernels/ops/sampling/__pycache__/__init__.cpython-312.pyc': Permission denied
rm: cannot remove '/raid/yilegu/roofline_guided_agent/VibeSimWorkspace/scripts-local/vibesim-analysis-container/iter_opt_eval_k3_kda/trial_3_tree/kernels/ops/layernorm/__pycache__/__init__.cpython-312.pyc': Permission denied
rm: cannot remove '/raid/yilegu/roofline_guided_agent/VibeSimWorkspace/scripts-local/vibesim-analysis-container/iter_opt_eval_k3_kda/trial_3_tree/kernels/ops/layernorm/__pycache__/norm.cpython-312.pyc': Permission denied
rm: cannot remove '/raid/yilegu/roofline_guided_agent/VibeSimWorkspace/scripts-local/vibesim-analysis-container/iter_opt_eval_k3_kda/trial_3_tree/kernels/ops/layernorm/__pycache__/rmsnorm_hf.cpython-312.pyc': Permission denied
rm: cannot remove '/raid/yilegu/roofline_guided_agent/VibeSimWorkspace/scripts-local/vibesim-analysis-container/iter_opt_eval_k3_kda/trial_3_tree/kernels/ops/mm/__pycache__/__init__.cpython-312.pyc': Permission denied
rm: cannot remove '/raid/yilegu/roofline_guided_agent/VibeSimWorkspace/scripts-local/vibesim-analysis-container/iter_opt_eval_k3_kda/trial_3_tree/kernels/ops/embeddings/__pycache__/__init__.cpython-312.pyc': Permission denied
rm: cannot remove '/raid/yilegu/roofline_guided_agent/VibeSimWorkspace/scripts-local/vibesim-analysis-container/iter_opt_eval_k3_kda/trial_3_tree/kernels/ops/embeddings/__pycache__/vocab_parallel_embedding.cpython-312.pyc': Permission denied
rm: cannot remove '/raid/yilegu/roofline_guided_agent/VibeSimWorkspace/scripts-local/vibesim-analysis-container/iter_opt_eval_k3_kda/trial_3_tree/__pycache__/_version.cpython-312.pyc': Permission denied
rm: cannot remove '/raid/yilegu/roofline_guided_agent/VibeSimWorkspace/scripts-local/vibesim-analysis-container/iter_opt_eval_k3_kda/trial_3_tree/__pycache__/__init__.cpython-312.pyc': Permission denied
rm: cannot remove '/raid/yilegu/roofline_guided_agent/VibeSimWorkspace/scripts-local/vibesim-analysis-container/iter_opt_eval_k3_kda/trial_3_tree/__pycache__/utils.cpython-312.pyc': Permission denied
rm: cannot remove '/raid/yilegu/roofline_guided_agent/VibeSimWorkspace/scripts-local/vibesim-analysis-container/iter_opt_eval_k3_kda/trial_3_tree/__pycache__/version.cpython-312.pyc': Permission denied
rm: cannot remove '/raid/yilegu/roofline_guided_agent/VibeSimWorkspace/scripts-local/vibesim-analysis-container/iter_opt_eval_k3_kda/trial_3_tree/srt/multimodal/evs/__pycache__/evs_module.cpython-312.pyc': Permission denied
rm: cannot remove '/raid/yilegu/roofline_guided_agent/VibeSimWorkspace/scripts-local/vibesim-analysis-container/iter_opt_eval_k3_kda/trial_3_tree/srt/multimodal/evs/__pycache__/__init__.cpython-312.pyc': Permission denied
rm: cannot remove '/raid/yilegu/roofline_guided_agent/VibeSimWorkspace/scripts-local/vibesim-analysis-container/iter_opt_eval_k3_kda/trial_3_tree/srt/multimodal/evs/__pycache__/evs_core.cpython-312.pyc': Permission denied
rm: cannot remove '/raid/yilegu/roofline_guided_agent/VibeSimWorkspace/scripts-local/vibesim-analysis-container/iter_opt_eval_k3_kda/trial_3_tree/srt/multimodal/evs/__pycache__/evs_processor.cpython-312.pyc': Permission denied
rm: cannot remove '/raid/yilegu/roofline_guided_agent/VibeSimWorkspace/scripts-local/vibesim-analysis-container/iter_opt_eval_k3_kda/trial_3_tree/srt/multimodal/transport/__pycache__/memory_pool.cpython-312.pyc': Permission denied
rm: cannot remove '/raid/yilegu/roofline_guided_agent/VibeSimWorkspace/scripts-local/vibesim-analysis-container/iter_opt_eval_k3_kda/trial_3_tree/srt/multimodal/transport/__pycache__/__init__.cpython-312.pyc': Permission denied
rm: cannot remove '/raid/yilegu/roofline_guided_agent/VibeSimWorkspace/scripts-local/vibesim-analysis-container/iter_opt_eval_k3_kda/trial_3_tree/srt/multimodal/transport/__pycache__/cuda_ipc.cpython-312.pyc': Permission denied
rm: cannot remove '/raid/yilegu/roofline_guided_agent/VibeSimWorkspace/scripts-local/vibesim-analysis-container/iter_opt_eval_k3_kda/trial_3_tree/srt/multimodal/__pycache__/kimi_k3_image_processing.cpython-312.pyc': Permission denied
rm: cannot remove '/raid/yilegu/roofline_guided_agent/VibeSimWorkspace/scripts-local/vibesim-analysis-container/iter_opt_eval_k3_kda/trial_3_tree/srt/multimodal/__pycache__/__init__.cpython-312.pyc': Permission denied
rm: cannot remove '/raid/yilegu/roofline_guided_agent/VibeSimWorkspace/scripts-local/vibesim-analysis-container/iter_opt_eval_k3_kda/trial_3_tree/srt/multimodal/__pycache__/internvl_utils.cpython-312.pyc': Permission denied
rm: cannot remove '/raid/yilegu/roofline_guided_agent/VibeSimWorkspace/scripts-local/vibesim-analysis-container/iter_opt_eval_k3_kda/trial_3_tree/srt/multimodal/__pycache__/mm_utils.cpython-312.pyc': Permission denied
rm: cannot remove '/raid/yilegu/roofline_guided_agent/VibeSimWorkspace/scripts-local/vibesim-analysis-container/iter_opt_eval_k3_kda/trial_3_tree/srt/multimodal/__pycache__/encoder_preprocessing.cpython-312.pyc': Permission denied
rm: cannot remove '/raid/yilegu/roofline_guided_agent/VibeSimWorkspace/scripts-local/vibesim-analysis-container/iter_opt_eval_k3_kda/trial_3_tree/srt/multimodal/__pycache__/customized_mm_processor_utils.cpython-312.pyc': Permission denied
rm: cannot remove '/raid/yilegu/roofline_guided_agent/VibeSimWorkspace/scripts-local/vibesim-analysis-container/iter_opt_eval_k3_kda/trial_3_tree/srt/multimodal/cache/__pycache__/__init__.cpython-312.pyc': Permission denied
rm: cannot remove '/raid/yilegu/roofline_guided_agent/VibeSimWorkspace/scripts-local/vibesim-analysis-container/iter_opt_eval_k3_kda/trial_3_tree/srt/multimodal/cache/__pycache__/preprocess_cache.cpython-312.pyc': Permission denied
rm: cannot remove '/raid/yilegu/roofline_guided_agent/VibeSimWorkspace/scripts-local/vibesim-analysis-container/iter_opt_eval_k3_kda/trial_3_tree/srt/multimodal/cache/__pycache__/identity.cpython-312.pyc': Permission denied
rm: cannot remove '/raid/yilegu/roofline_guided_agent/VibeSimWorkspace/scripts-local/vibesim-analysis-container/iter_opt_eval_k3_kda/trial_3_tree/srt/multimodal/processors/__pycache__/executor.cpython-312.pyc': Permission denied
rm: cannot remove '/raid/yilegu/roofline_guided_agent/VibeSimWorkspace/scripts-local/vibesim-analysis-container/iter_opt_eval_k3_kda/trial_3_tree/srt/multimodal/processors/__pycache__/base_processor.cpython-312.pyc': Permission denied
rm: cannot remove '/raid/yilegu/roofline_guided_agent/VibeSimWorkspace/scripts-local/vibesim-analysis-container/iter_opt_eval_k3_kda/trial_3_tree/srt/observability/__pycache__/trace_async.cpython-312.pyc': Permission denied
rm: cannot remove '/raid/yilegu/roofline_guided_agent/VibeSimWorkspace/scripts-local/vibesim-analysis-container/iter_opt_eval_k3_kda/trial_3_tree/srt/observability/__pycache__/utils.cpython-312.pyc': Permission denied
rm: cannot remove '/raid/yilegu/roofline_guided_agent/VibeSimWorkspace/scripts-local/vibesim-analysis-container/iter_opt_eval_k3_kda/trial_3_tree/srt/observability/__pycache__/trace.cpython-312.pyc': Permission denied
rm: cannot remove '/raid/yilegu/roofline_guided_agent/VibeSimWorkspace/scripts-local/vibesim-analysis-container/iter_opt_eval_k3_kda/trial_3_tree/srt/observability/__pycache__/req_time_stats.cpython-312.pyc': Permission denied
rm: cannot remove '/raid/yilegu/roofline_guided_agent/VibeSimWorkspace/scripts-local/vibesim-analysis-container/iter_opt_eval_k3_kda/trial_3_tree/srt/observability/__pycache__/func_timer.cpython-312.pyc': Permission denied
rm: cannot remove '/raid/yilegu/roofline_guided_agent/VibeSimWorkspace/scripts-local/vibesim-analysis-container/iter_opt_eval_k3_kda/trial_3_tree/srt/observability/__pycache__/scheduler_stage_metrics.cpython-312.pyc': Permission denied
rm: cannot remove '/raid/yilegu/roofline_guided_agent/VibeSimWorkspace/scripts-local/vibesim-analysis-container/iter_opt_eval_k3_kda/trial_3_tree/srt/observability/__pycache__/metrics_collector.cpython-312.pyc': Permission denied
rm: cannot remove '/raid/yilegu/roofline_guided_agent/VibeSimWorkspace/scripts-local/vibesim-analysis-container/iter_opt_eval_k3_kda/trial_3_tree/srt/multiplex/__pycache__/pdmux_context.cpython-312.pyc': Permission denied
rm: cannot remove '/raid/yilegu/roofline_guided_agent/VibeSimWorkspace/scripts-local/vibesim-analysis-container/iter_opt_eval_k3_kda/trial_3_tree/srt/lora/__pycache__/lora_registry.cpython-312.pyc': Permission denied
rm: cannot remove '/raid/yilegu/roofline_guided_agent/VibeSimWorkspace/scripts-local/vibesim-analysis-container/iter_opt_eval_k3_kda/trial_3_tree/srt/lora/__pycache__/deepseek_mla_correction.cpython-312.pyc': Permission denied
rm: cannot remove '/raid/yilegu/roofline_guided_agent/VibeSimWorkspace/scripts-local/vibesim-analysis-container/iter_opt_eval_k3_kda/trial_3_tree/srt/lora/__pycache__/eviction_policy.cpython-312.pyc': Permission denied
rm: cannot remove '/raid/yilegu/roofline_guided_agent/VibeSimWorkspace/scripts-local/vibesim-analysis-container/iter_opt_eval_k3_kda/trial_3_tree/srt/lora/__pycache__/utils.cpython-312.pyc': Permission denied
rm: cannot remove '/raid/yilegu/roofline_guided_agent/VibeSimWorkspace/scripts-local/vibesim-analysis-container/iter_opt_eval_k3_kda/trial_3_tree/srt/lora/__pycache__/lora_manager.cpython-312.pyc': Permission denied
rm: cannot remove '/raid/yilegu/roofline_guided_agent/VibeSimWorkspace/scripts-local/vibesim-analysis-container/iter_opt_eval_k3_kda/trial_3_tree/srt/lora/__pycache__/lora.cpython-312.pyc': Permission denied
rm: cannot remove '/raid/yilegu/roofline_guided_agent/VibeSimWorkspace/scripts-local/vibesim-analysis-container/iter_opt_eval_k3_kda/trial_3_tree/srt/lora/__pycache__/mem_pool.cpython-312.pyc': Permission denied
rm: cannot remove '/raid/yilegu/roofline_guided_agent/VibeSimWorkspace/scripts-local/vibesim-analysis-container/iter_opt_eval_k3_kda/trial_3_tree/srt/lora/__pycache__/lora_config.cpython-312.pyc': Permission denied
rm: cannot remove '/raid/yilegu/roofline_guided_agent/VibeSimWorkspace/scripts-local/vibesim-analysis-container/iter_opt_eval_k3_kda/trial_3_tree/srt/lora/__pycache__/layers.cpython-312.pyc': Permission denied
rm: cannot remove '/raid/yilegu/roofline_guided_agent/VibeSimWorkspace/scripts-local/vibesim-analysis-container/iter_opt_eval_k3_kda/trial_3_tree/srt/lora/marlin_lora_temp/__pycache__/__init__.cpython-312.pyc': Permission denied
rm: cannot remove '/raid/yilegu/roofline_guided_agent/VibeSimWorkspace/scripts-local/vibesim-analysis-container/iter_opt_eval_k3_kda/trial_3_tree/srt/lora/marlin_lora_temp/__pycache__/sgl_backend.cpython-312.pyc': Permission denied
rm: cannot remove '/raid/yilegu/roofline_guided_agent/VibeSimWorkspace/scripts-local/vibesim-analysis-container/iter_opt_eval_k3_kda/trial_3_tree/srt/lora/backend/__pycache__/lora_registry.cpython-312.pyc': Permission denied
rm: cannot remove '/raid/yilegu/roofline_guided_agent/VibeSimWorkspace/scripts-local/vibesim-analysis-container/iter_opt_eval_k3_kda/trial_3_tree/srt/lora/backend/__pycache__/base_backend.cpython-312.pyc': Permission denied
rm: cannot remove '/raid/yilegu/roofline_guided_agent/VibeSimWorkspace/scripts-local/vibesim-analysis-container/iter_opt_eval_k3_kda/trial_3_tree/srt/lora/backend/__pycache__/lmhead_mixing.cpython-312.pyc': Permission denied
rm: cannot remove '/raid/yilegu/roofline_guided_agent/VibeSimWorkspace/scripts-local/vibesim-analysis-container/iter_opt_eval_k3_kda/trial_3_tree/srt/state_capturer/__pycache__/__init__.cpython-312.pyc': Permission denied
rm: cannot remove '/raid/yilegu/roofline_guided_agent/VibeSimWorkspace/scripts-local/vibesim-analysis-container/iter_opt_eval_k3_kda/trial_3_tree/srt/state_capturer/__pycache__/routed_experts.cpython-312.pyc': Permission denied
rm: cannot remove '/raid/yilegu/roofline_guided_agent/VibeSimWorkspace/scripts-local/vibesim-analysis-container/iter_opt_eval_k3_kda/trial_3_tree/srt/state_capturer/__pycache__/base.cpython-312.pyc': Permission denied
rm: cannot remove '/raid/yilegu/roofline_guided_agent/VibeSimWorkspace/scripts-local/vibesim-analysis-container/iter_opt_eval_k3_kda/trial_3_tree/srt/state_capturer/__pycache__/indexer_topk.cpython-312.pyc': Permission denied
rm: cannot remove '/raid/yilegu/roofline_guided_agent/VibeSimWorkspace/scripts-local/vibesim-analysis-container/iter_opt_eval_k3_kda/trial_3_tree/srt/beam_search/__pycache__/beam_group.cpython-312.pyc': Permission denied
rm: cannot remove '/raid/yilegu/roofline_guided_agent/VibeSimWorkspace/scripts-local/vibesim-analysis-container/iter_opt_eval_k3_kda/trial_3_tree/srt/beam_search/__pycache__/history.cpython-312.pyc': Permission denied
rm: cannot remove '/raid/yilegu/roofline_guided_agent/VibeSimWorkspace/scripts-local/vibesim-analysis-container/iter_opt_eval_k3_kda/trial_3_tree/srt/beam_search/__pycache__/logits_capture.cpython-312.pyc': Permission denied
rm: cannot remove '/raid/yilegu/roofline_guided_agent/VibeSimWorkspace/scripts-local/vibesim-analysis-container/iter_opt_eval_k3_kda/trial_3_tree/srt/beam_search/__pycache__/fork.cpython-312.pyc': Permission denied
rm: cannot remove '/raid/yilegu/roofline_guided_agent/VibeSimWorkspace/scripts-local/vibesim-analysis-container/iter_opt_eval_k3_kda/trial_3_tree/srt/beam_search/__pycache__/__init__.cpython-312.pyc': Permission denied
rm: cannot remove '/raid/yilegu/roofline_guided_agent/VibeSimWorkspace/scripts-local/vibesim-analysis-container/iter_opt_eval_k3_kda/trial_3_tree/srt/beam_search/__pycache__/joint_select.cpython-312.pyc': Permission denied
rm: cannot remove '/raid/yilegu/roofline_guided_agent/VibeSimWorkspace/scripts-local/vibesim-analysis-container/iter_opt_eval_k3_kda/trial_3_tree/srt/beam_search/__pycache__/types.cpython-312.pyc': Permission denied
rm: cannot remove '/raid/yilegu/roofline_guided_agent/VibeSimWorkspace/scripts-local/vibesim-analysis-container/iter_opt_eval_k3_kda/trial_3_tree/srt/beam_search/__pycache__/batch_tail.cpython-312.pyc': Permission denied
rm: cannot remove '/raid/yilegu/roofline_guided_agent/VibeSimWorkspace/scripts-local/vibesim-analysis-container/iter_opt_eval_k3_kda/trial_3_tree/srt/session/__pycache__/__init__.cpython-312.pyc': Permission denied
rm: cannot remove '/raid/yilegu/roofline_guided_agent/VibeSimWorkspace/scripts-local/vibesim-analysis-container/iter_opt_eval_k3_kda/trial_3_tree/srt/session/__pycache__/streaming_session.cpython-312.pyc': Permission denied
rm: cannot remove '/raid/yilegu/roofline_guided_agent/VibeSimWorkspace/scripts-local/vibesim-analysis-container/iter_opt_eval_k3_kda/trial_3_tree/srt/utils/__pycache__/torch_npu_patch_utils.cpython-312.pyc': Permission denied
rm: cannot remove '/raid/yilegu/roofline_guided_agent/VibeSimWorkspace/scripts-local/vibesim-analysis-container/iter_opt_eval_k3_kda/trial_3_tree/srt/utils/__pycache__/numa_utils.cpython-312.pyc': Permission denied
rm: cannot remove '/raid/yilegu/roofline_guided_agent/VibeSimWorkspace/scripts-local/vibesim-analysis-container/iter_opt_eval_k3_kda/trial_3_tree/srt/utils/__pycache__/slow_rank_detector.cpython-312.pyc': Permission denied
rm: cannot remove '/raid/yilegu/roofline_guided_agent/VibeSimWorkspace/scripts-local/vibesim-analysis-container/iter_opt_eval_k3_kda/trial_3_tree/srt/utils/__pycache__/gauge_histogram.cpython-312.pyc': Permission denied
rm: cannot remove '/raid/yilegu/roofline_guided_agent/VibeSimWorkspace/scripts-local/vibesim-analysis-container/iter_opt_eval_k3_kda/trial_3_tree/srt/utils/__pycache__/custom_op.cpython-312.pyc': Permission denied
rm: cannot remove '/raid/yilegu/roofline_guided_agent/VibeSimWorkspace/scripts-local/vibesim-analysis-container/iter_opt_eval_k3_kda/trial_3_tree/srt/utils/__pycache__/stale_shm_cleanup.cpython-312.pyc': Permission denied
rm: cannot remove '/raid/yilegu/roofline_guided_agent/VibeSimWorkspace/scripts-local/vibesim-analysis-container/iter_opt_eval_k3_kda/trial_3_tree/srt/utils/__pycache__/msgspec_utils.cpython-312.pyc': Permission denied
rm: cannot remove '/raid/yilegu/roofline_guided_agent/VibeSimWorkspace/scripts-local/vibesim-analysis-container/iter_opt_eval_k3_kda/trial_3_tree/srt/utils/__pycache__/weight_checker.cpython-312.pyc': Permission denied
rm: cannot remove '/raid/yilegu/roofline_guided_agent/VibeSimWorkspace/scripts-local/vibesim-analysis-container/iter_opt_eval_k3_kda/trial_3_tree/srt/utils/__pycache__/device_timer.cpython-312.pyc': Permission denied
rm: cannot remove '/raid/yilegu/roofline_guided_agent/VibeSimWorkspace/scripts-local/vibesim-analysis-container/iter_opt_eval_k3_kda/trial_3_tree/srt/utils/__pycache__/weight_versions.cpython-312.pyc': Permission denied
rm: cannot remove '/raid/yilegu/roofline_guided_agent/VibeSimWorkspace/scripts-local/vibesim-analysis-container/iter_opt_eval_k3_kda/trial_3_tree/srt/utils/__pycache__/hf_transformers_patches.cpython-312.pyc': Permission denied
rm: cannot remove '/raid/yilegu/roofline_guided_agent/VibeSimWorkspace/scripts-local/vibesim-analysis-container/iter_opt_eval_k3_kda/trial_3_tree/srt/utils/__pycache__/runai_utils.cpython-312.pyc': Permission denied
rm: cannot remove '/raid/yilegu/roofline_guided_agent/VibeSimWorkspace/scripts-local/vibesim-analysis-container/iter_opt_eval_k3_kda/trial_3_tree/srt/utils/__pycache__/aio_rwlock.cpython-312.pyc': Permission denied
rm: cannot remove '/raid/yilegu/roofline_guided_agent/VibeSimWorkspace/scripts-local/vibesim-analysis-container/iter_opt_eval_k3_kda/trial_3_tree/srt/utils/__pycache__/cuda_ipc_transport_utils.cpython-312.pyc': Permission denied
rm: cannot remove '/raid/yilegu/roofline_guided_agent/VibeSimWorkspace/scripts-local/vibesim-analysis-container/iter_opt_eval_k3_kda/trial_3_tree/srt/utils/__pycache__/__init__.cpython-312.pyc': Permission denied
rm: cannot remove '/raid/yilegu/roofline_guided_agent/VibeSimWorkspace/scripts-local/vibesim-analysis-container/iter_opt_eval_k3_kda/trial_3_tree/srt/utils/__pycache__/hf_transformers_utils.cpython-312.pyc': Permission denied
rm: cannot remove '/raid/yilegu/roofline_guided_agent/VibeSimWorkspace/scripts-local/vibesim-analysis-container/iter_opt_eval_k3_kda/trial_3_tree/srt/utils/__pycache__/msgpack_utils.cpython-312.pyc': Permission denied
rm: cannot remove '/raid/yilegu/roofline_guided_agent/VibeSimWorkspace/scripts-local/vibesim-analysis-container/iter_opt_eval_k3_kda/trial_3_tree/srt/utils/__pycache__/rank_consensus_checker.cpython-312.pyc': Permission denied
rm: cannot remove '/raid/yilegu/roofline_guided_agent/VibeSimWorkspace/scripts-local/vibesim-analysis-container/iter_opt_eval_k3_kda/trial_3_tree/srt/utils/__pycache__/patch_tokenizer.cpython-312.pyc': Permission denied
rm: cannot remove '/raid/yilegu/roofline_guided_agent/VibeSimWorkspace/scripts-local/vibesim-analysis-container/iter_opt_eval_k3_kda/trial_3_tree/srt/utils/__pycache__/field_validators.cpython-312.pyc': Permission denied
rm: cannot remove '/raid/yilegu/roofline_guided_agent/VibeSimWorkspace/scripts-local/vibesim-analysis-container/iter_opt_eval_k3_kda/trial_3_tree/srt/utils/__pycache__/async_probe.cpython-312.pyc': Permission denied
rm: cannot remove '/raid/yilegu/roofline_guided_agent/VibeSimWorkspace/scripts-local/vibesim-analysis-container/iter_opt_eval_k3_kda/trial_3_tree/srt/utils/__pycache__/nvtx_utils.cpython-312.pyc': Permission denied
rm: cannot remove '/raid/yilegu/roofline_guided_agent/VibeSimWorkspace/scripts-local/vibesim-analysis-container/iter_opt_eval_k3_kda/trial_3_tree/srt/utils/__pycache__/token_sequence_matcher.cpython-312.pyc': Permission denied
rm: cannot remove '/raid/yilegu/roofline_guided_agent/VibeSimWorkspace/scripts-local/vibesim-analysis-container/iter_opt_eval_k3_kda/trial_3_tree/srt/utils/__pycache__/cuda_vmm_utils.cpython-312.pyc': Permission denied
rm: cannot remove '/raid/yilegu/roofline_guided_agent/VibeSimWorkspace/scripts-local/vibesim-analysis-container/iter_opt_eval_k3_kda/trial_3_tree/srt/utils/__pycache__/multi_stream_utils.cpython-312.pyc': Permission denied
rm: cannot remove '/raid/yilegu/roofline_guided_agent/VibeSimWorkspace/scripts-local/vibesim-analysis-container/iter_opt_eval_k3_kda/trial_3_tree/srt/utils/__pycache__/profile_utils.cpython-312.pyc': Permission denied
rm: cannot remove '/raid/yilegu/roofline_guided_agent/VibeSimWorkspace/scripts-local/vibesim-analysis-container/iter_opt_eval_k3_kda/trial_3_tree/srt/utils/__pycache__/phase_checker.cpython-312.pyc': Permission denied
rm: cannot remove '/raid/yilegu/roofline_guided_agent/VibeSimWorkspace/scripts-local/vibesim-analysis-container/iter_opt_eval_k3_kda/trial_3_tree/srt/utils/__pycache__/video_decoder.cpython-312.pyc': Permission denied
rm: cannot remove '/raid/yilegu/roofline_guided_agent/VibeSimWorkspace/scripts-local/vibesim-analysis-container/iter_opt_eval_k3_kda/trial_3_tree/srt/utils/__pycache__/torch_memory_saver_adapter.cpython-312.pyc': Permission denied
rm: cannot remove '/raid/yilegu/roofline_guided_agent/VibeSimWorkspace/scripts-local/vibesim-analysis-container/iter_opt_eval_k3_kda/trial_3_tree/srt/utils/__pycache__/host_shared_memory.cpython-312.pyc': Permission denied
rm: cannot remove '/raid/yilegu/roofline_guided_agent/VibeSimWorkspace/scripts-local/vibesim-analysis-container/iter_opt_eval_k3_kda/trial_3_tree/srt/utils/__pycache__/invariants.cpython-312.pyc': Permission denied
rm: cannot remove '/raid/yilegu/roofline_guided_agent/VibeSimWorkspace/scripts-local/vibesim-analysis-container/iter_opt_eval_k3_kda/trial_3_tree/srt/utils/__pycache__/network.cpython-312.pyc': Permission denied
rm: cannot remove '/raid/yilegu/roofline_guided_agent/VibeSimWorkspace/scripts-local/vibesim-analysis-container/iter_opt_eval_k3_kda/trial_3_tree/srt/utils/__pycache__/patch_torch.cpython-312.pyc': Permission denied
rm: cannot remove '/raid/yilegu/roofline_guided_agent/VibeSimWorkspace/scripts-local/vibesim-analysis-container/iter_opt_eval_k3_kda/trial_3_tree/srt/utils/__pycache__/common.cpython-312.pyc': Permission denied
rm: cannot remove '/raid/yilegu/roofline_guided_agent/VibeSimWorkspace/scripts-local/vibesim-analysis-container/iter_opt_eval_k3_kda/trial_3_tree/srt/utils/__pycache__/aiter.cpython-312.pyc': Permission denied
rm: cannot remove '/raid/yilegu/roofline_guided_agent/VibeSimWorkspace/scripts-local/vibesim-analysis-container/iter_opt_eval_k3_kda/trial_3_tree/srt/utils/__pycache__/offloader.cpython-312.pyc': Permission denied
rm: cannot remove '/raid/yilegu/roofline_guided_agent/VibeSimWorkspace/scripts-local/vibesim-analysis-container/iter_opt_eval_k3_kda/trial_3_tree/srt/utils/__pycache__/weight_checker_comparator.cpython-312.pyc': Permission denied
rm: cannot remove '/raid/yilegu/roofline_guided_agent/VibeSimWorkspace/scripts-local/vibesim-analysis-container/iter_opt_eval_k3_kda/trial_3_tree/srt/utils/__pycache__/nvtx_pytorch_hooks.cpython-312.pyc': Permission denied
rm: cannot remove '/raid/yilegu/roofline_guided_agent/VibeSimWorkspace/scripts-local/vibesim-analysis-container/iter_opt_eval_k3_kda/trial_3_tree/srt/utils/hf_transformers/__pycache__/gguf_native.cpython-312.pyc': Permission denied
rm: cannot remove '/raid/yilegu/roofline_guided_agent/VibeSimWorkspace/scripts-local/vibesim-analysis-container/iter_opt_eval_k3_kda/trial_3_tree/srt/utils/hf_transformers/__pycache__/tokenizer.cpython-312.pyc': Permission denied
rm: cannot remove '/raid/yilegu/roofline_guided_agent/VibeSimWorkspace/scripts-local/vibesim-analysis-container/iter_opt_eval_k3_kda/trial_3_tree/srt/utils/hf_transformers/__pycache__/__init__.cpython-312.pyc': Permission denied
rm: cannot remove '/raid/yilegu/roofline_guided_agent/VibeSimWorkspace/scripts-local/vibesim-analysis-container/iter_opt_eval_k3_kda/trial_3_tree/srt/utils/hf_transformers/__pycache__/processor.cpython-312.pyc': Permission denied
rm: cannot remove '/raid/yilegu/roofline_guided_agent/VibeSimWorkspace/scripts-local/vibesim-analysis-container/iter_opt_eval_k3_kda/trial_3_tree/srt/utils/hf_transformers/__pycache__/mistral_utils.cpython-312.pyc': Permission denied
rm: cannot remove '/raid/yilegu/roofline_guided_agent/VibeSimWorkspace/scripts-local/vibesim-analysis-container/iter_opt_eval_k3_kda/trial_3_tree/srt/utils/hf_transformers/__pycache__/config.cpython-312.pyc': Permission denied
rm: cannot remove '/raid/yilegu/roofline_guided_agent/VibeSimWorkspace/scripts-local/vibesim-analysis-container/iter_opt_eval_k3_kda/trial_3_tree/srt/utils/hf_transformers/__pycache__/common.cpython-312.pyc': Permission denied
rm: cannot remove '/raid/yilegu/roofline_guided_agent/VibeSimWorkspace/scripts-local/vibesim-analysis-container/iter_opt_eval_k3_kda/trial_3_tree/srt/plugins/__pycache__/hook_registry.cpython-312.pyc': Permission denied
rm: cannot remove '/raid/yilegu/roofline_guided_agent/VibeSimWorkspace/scripts-local/vibesim-analysis-container/iter_opt_eval_k3_kda/trial_3_tree/srt/plugins/__pycache__/__init__.cpython-312.pyc': Permission denied
rm: cannot remove '/raid/yilegu/roofline_guided_agent/VibeSimWorkspace/scripts-local/vibesim-analysis-container/iter_opt_eval_k3_kda/trial_3_tree/srt/model_loader/__pycache__/checkpoint_quantization.cpython-312.pyc': Permission denied
rm: cannot remove '/raid/yilegu/roofline_guided_agent/VibeSimWorkspace/scripts-local/vibesim-analysis-container/iter_opt_eval_k3_kda/trial_3_tree/srt/model_loader/__pycache__/__init__.cpython-312.pyc': Permission denied
rm: cannot remove '/raid/yilegu/roofline_guided_agent/VibeSimWorkspace/scripts-local/vibesim-analysis-container/iter_opt_eval_k3_kda/trial_3_tree/srt/model_loader/__pycache__/remote_instance_weight_loader_utils.cpython-312.pyc': Permission denied
rm: cannot remove '/raid/yilegu/roofline_guided_agent/VibeSimWorkspace/scripts-local/vibesim-analysis-container/iter_opt_eval_k3_kda/trial_3_tree/srt/model_loader/__pycache__/utils.cpython-312.pyc': Permission denied
rm: cannot remove '/raid/yilegu/roofline_guided_agent/VibeSimWorkspace/scripts-local/vibesim-analysis-container/iter_opt_eval_k3_kda/trial_3_tree/srt/model_loader/__pycache__/expert_pack_config.cpython-312.pyc': Permission denied
rm: cannot remove '/raid/yilegu/roofline_guided_agent/VibeSimWorkspace/scripts-local/vibesim-analysis-container/iter_opt_eval_k3_kda/trial_3_tree/srt/model_loader/__pycache__/ci_weight_validation.cpython-312.pyc': Permission denied
rm: cannot remove '/raid/yilegu/roofline_guided_agent/VibeSimWorkspace/scripts-local/vibesim-analysis-container/iter_opt_eval_k3_kda/trial_3_tree/srt/model_loader/__pycache__/loader.cpython-312.pyc': Permission denied
rm: cannot remove '/raid/yilegu/roofline_guided_agent/VibeSimWorkspace/scripts-local/vibesim-analysis-container/iter_opt_eval_k3_kda/trial_3_tree/srt/model_loader/__pycache__/post_load.cpython-312.pyc': Permission denied
rm: cannot remove '/raid/yilegu/roofline_guided_agent/VibeSimWorkspace/scripts-local/vibesim-analysis-container/iter_opt_eval_k3_kda/trial_3_tree/srt/model_loader/__pycache__/weight_utils.cpython-312.pyc': Permission denied
rm: cannot remove '/raid/yilegu/roofline_guided_agent/VibeSimWorkspace/scripts-local/vibesim-analysis-container/iter_opt_eval_k3_kda/trial_3_tree/srt/kv_canary/__pycache__/endpoint.cpython-312.pyc': Permission denied
rm: cannot remove '/raid/yilegu/roofline_guided_agent/VibeSimWorkspace/scripts-local/vibesim-analysis-container/iter_opt_eval_k3_kda/trial_3_tree/srt/kv_canary/__pycache__/radix_cache_walker.cpython-312.pyc': Permission denied
rm: cannot remove '/raid/yilegu/roofline_guided_agent/VibeSimWorkspace/scripts-local/vibesim-analysis-container/iter_opt_eval_k3_kda/trial_3_tree/srt/kv_canary/__pycache__/__init__.cpython-312.pyc': Permission denied
rm: cannot remove '/raid/yilegu/roofline_guided_agent/VibeSimWorkspace/scripts-local/vibesim-analysis-container/iter_opt_eval_k3_kda/trial_3_tree/srt/kv_canary/__pycache__/state.cpython-312.pyc': Permission denied
rm: cannot remove '/raid/yilegu/roofline_guided_agent/VibeSimWorkspace/scripts-local/vibesim-analysis-container/iter_opt_eval_k3_kda/trial_3_tree/srt/kv_canary/__pycache__/buffer_group.cpython-312.pyc': Permission denied
rm: cannot remove '/raid/yilegu/roofline_guided_agent/VibeSimWorkspace/scripts-local/vibesim-analysis-container/iter_opt_eval_k3_kda/trial_3_tree/srt/kv_canary/__pycache__/plan_input.cpython-312.pyc': Permission denied
rm: cannot remove '/raid/yilegu/roofline_guided_agent/VibeSimWorkspace/scripts-local/vibesim-analysis-container/iter_opt_eval_k3_kda/trial_3_tree/srt/kv_canary/__pycache__/api.cpython-312.pyc': Permission denied
rm: cannot remove '/raid/yilegu/roofline_guided_agent/VibeSimWorkspace/scripts-local/vibesim-analysis-container/iter_opt_eval_k3_kda/trial_3_tree/srt/kv_canary/__pycache__/sweep_plan_builder.cpython-312.pyc': Permission denied
rm: cannot remove '/raid/yilegu/roofline_guided_agent/VibeSimWorkspace/scripts-local/vibesim-analysis-container/iter_opt_eval_k3_kda/trial_3_tree/srt/kv_canary/__pycache__/expected_inputs.cpython-312.pyc': Permission denied
rm: cannot remove '/raid/yilegu/roofline_guided_agent/VibeSimWorkspace/scripts-local/vibesim-analysis-container/iter_opt_eval_k3_kda/trial_3_tree/srt/kv_canary/__pycache__/config.cpython-312.pyc': Permission denied
rm: cannot remove '/raid/yilegu/roofline_guided_agent/VibeSimWorkspace/scripts-local/vibesim-analysis-container/iter_opt_eval_k3_kda/trial_3_tree/srt/kv_canary/__pycache__/req_to_expected_token_ids_manager.cpython-312.pyc': Permission denied
rm: cannot remove '/raid/yilegu/roofline_guided_agent/VibeSimWorkspace/scripts-local/vibesim-analysis-container/iter_opt_eval_k3_kda/trial_3_tree/srt/kv_canary/__pycache__/capacities.cpython-312.pyc': Permission denied
rm: cannot remove '/raid/yilegu/roofline_guided_agent/VibeSimWorkspace/scripts-local/vibesim-analysis-container/iter_opt_eval_k3_kda/trial_3_tree/srt/kv_canary/token_oracle/__pycache__/oracle.cpython-312.pyc': Permission denied
rm: cannot remove '/raid/yilegu/roofline_guided_agent/VibeSimWorkspace/scripts-local/vibesim-analysis-container/iter_opt_eval_k3_kda/trial_3_tree/srt/kv_canary/token_oracle/__pycache__/install.cpython-312.pyc': Permission denied
rm: cannot remove '/raid/yilegu/roofline_guided_agent/VibeSimWorkspace/scripts-local/vibesim-analysis-container/iter_opt_eval_k3_kda/trial_3_tree/srt/kv_canary/token_oracle/__pycache__/sampler.cpython-312.pyc': Permission denied
rm: cannot remove '/raid/yilegu/roofline_guided_agent/VibeSimWorkspace/scripts-local/vibesim-analysis-container/iter_opt_eval_k3_kda/trial_3_tree/srt/kv_canary/token_oracle/__pycache__/oracle_manager.cpython-312.pyc': Permission denied
rm: cannot remove '/raid/yilegu/roofline_guided_agent/VibeSimWorkspace/scripts-local/vibesim-analysis-container/iter_opt_eval_k3_kda/trial_3_tree/srt/kv_canary/token_oracle/__pycache__/__init__.cpython-312.pyc': Permission denied
rm: cannot remove '/raid/yilegu/roofline_guided_agent/VibeSimWorkspace/scripts-local/vibesim-analysis-container/iter_opt_eval_k3_kda/trial_3_tree/srt/kv_canary/perturb/__pycache__/manager.cpython-312.pyc': Permission denied
rm: cannot remove '/raid/yilegu/roofline_guided_agent/VibeSimWorkspace/scripts-local/vibesim-analysis-container/iter_opt_eval_k3_kda/trial_3_tree/srt/kv_canary/perturb/__pycache__/__init__.cpython-312.pyc': Permission denied
rm: cannot remove '/raid/yilegu/roofline_guided_agent/VibeSimWorkspace/scripts-local/vibesim-analysis-container/iter_opt_eval_k3_kda/trial_3_tree/srt/kv_canary/perturb/__pycache__/utils.cpython-312.pyc': Permission denied
rm: cannot remove '/raid/yilegu/roofline_guided_agent/VibeSimWorkspace/scripts-local/vibesim-analysis-container/iter_opt_eval_k3_kda/trial_3_tree/srt/kv_canary/perturb/__pycache__/req_to_token.cpython-312.pyc': Permission denied
rm: cannot remove '/raid/yilegu/roofline_guided_agent/VibeSimWorkspace/scripts-local/vibesim-analysis-container/iter_opt_eval_k3_kda/trial_3_tree/srt/kv_canary/perturb/__pycache__/next_token_swap.cpython-312.pyc': Permission denied
rm: cannot remove '/raid/yilegu/roofline_guided_agent/VibeSimWorkspace/scripts-local/vibesim-analysis-container/iter_opt_eval_k3_kda/trial_3_tree/srt/kv_canary/perturb/__pycache__/real_kv_used.cpython-312.pyc': Permission denied
rm: cannot remove '/raid/yilegu/roofline_guided_agent/VibeSimWorkspace/scripts-local/vibesim-analysis-container/iter_opt_eval_k3_kda/trial_3_tree/srt/kv_canary/perturb/__pycache__/real_kv_post_forward.cpython-312.pyc': Permission denied
rm: cannot remove '/raid/yilegu/roofline_guided_agent/VibeSimWorkspace/scripts-local/vibesim-analysis-container/iter_opt_eval_k3_kda/trial_3_tree/srt/kv_canary/perturb/__pycache__/slot_picker.cpython-312.pyc': Permission denied
rm: cannot remove '/raid/yilegu/roofline_guided_agent/VibeSimWorkspace/scripts-local/vibesim-analysis-container/iter_opt_eval_k3_kda/trial_3_tree/srt/kv_canary/perturb/__pycache__/real_kv_unused_cache.cpython-312.pyc': Permission denied
rm: cannot remove '/raid/yilegu/roofline_guided_agent/VibeSimWorkspace/scripts-local/vibesim-analysis-container/iter_opt_eval_k3_kda/trial_3_tree/srt/kv_canary/perturb/__pycache__/config.cpython-312.pyc': Permission denied
rm: cannot remove '/raid/yilegu/roofline_guided_agent/VibeSimWorkspace/scripts-local/vibesim-analysis-container/iter_opt_eval_k3_kda/trial_3_tree/srt/kv_canary/single_forward_manager/__pycache__/manager.cpython-312.pyc': Permission denied
rm: cannot remove '/raid/yilegu/roofline_guided_agent/VibeSimWorkspace/scripts-local/vibesim-analysis-container/iter_opt_eval_k3_kda/trial_3_tree/srt/kv_canary/single_forward_manager/__pycache__/__init__.cpython-312.pyc': Permission denied
rm: cannot remove '/raid/yilegu/roofline_guided_agent/VibeSimWorkspace/scripts-local/vibesim-analysis-container/iter_opt_eval_k3_kda/trial_3_tree/srt/kv_canary/single_forward_manager/__pycache__/data.cpython-312.pyc': Permission denied
rm: cannot remove '/raid/yilegu/roofline_guided_agent/VibeSimWorkspace/scripts-local/vibesim-analysis-container/iter_opt_eval_k3_kda/trial_3_tree/srt/kv_canary/pool_patcher/adapters/__pycache__/swa.cpython-312.pyc': Permission denied
rm: cannot remove '/raid/yilegu/roofline_guided_agent/VibeSimWorkspace/scripts-local/vibesim-analysis-container/iter_opt_eval_k3_kda/trial_3_tree/srt/kv_canary/pool_patcher/adapters/__pycache__/__init__.cpython-312.pyc': Permission denied
rm: cannot remove '/raid/yilegu/roofline_guided_agent/VibeSimWorkspace/scripts-local/vibesim-analysis-container/iter_opt_eval_k3_kda/trial_3_tree/srt/kv_canary/pool_patcher/adapters/__pycache__/dsv4.cpython-312.pyc': Permission denied
rm: cannot remove '/raid/yilegu/roofline_guided_agent/VibeSimWorkspace/scripts-local/vibesim-analysis-container/iter_opt_eval_k3_kda/trial_3_tree/srt/kv_canary/pool_patcher/adapters/__pycache__/mha.cpython-312.pyc': Permission denied
rm: cannot remove '/raid/yilegu/roofline_guided_agent/VibeSimWorkspace/scripts-local/vibesim-analysis-container/iter_opt_eval_k3_kda/trial_3_tree/srt/kv_canary/pool_patcher/__pycache__/buf_info_splice.cpython-312.pyc': Permission denied
rm: cannot remove '/raid/yilegu/roofline_guided_agent/VibeSimWorkspace/scripts-local/vibesim-analysis-container/iter_opt_eval_k3_kda/trial_3_tree/srt/kv_canary/pool_patcher/__pycache__/__init__.cpython-312.pyc': Permission denied
rm: cannot remove '/raid/yilegu/roofline_guided_agent/VibeSimWorkspace/scripts-local/vibesim-analysis-container/iter_opt_eval_k3_kda/trial_3_tree/srt/kv_canary/pool_patcher/__pycache__/utils.cpython-312.pyc': Permission denied
rm: cannot remove '/raid/yilegu/roofline_guided_agent/VibeSimWorkspace/scripts-local/vibesim-analysis-container/iter_opt_eval_k3_kda/trial_3_tree/srt/kv_canary/pool_patcher/__pycache__/api.cpython-312.pyc': Permission denied
rm: cannot remove '/raid/yilegu/roofline_guided_agent/VibeSimWorkspace/scripts-local/vibesim-analysis-container/iter_opt_eval_k3_kda/trial_3_tree/srt/kv_canary/pool_patcher/__pycache__/buffer_alloc.cpython-312.pyc': Permission denied
rm: cannot remove '/raid/yilegu/roofline_guided_agent/VibeSimWorkspace/scripts-local/vibesim-analysis-container/iter_opt_eval_k3_kda/trial_3_tree/srt/kv_canary/runner/__pycache__/health_checker.cpython-312.pyc': Permission denied
rm: cannot remove '/raid/yilegu/roofline_guided_agent/VibeSimWorkspace/scripts-local/vibesim-analysis-container/iter_opt_eval_k3_kda/trial_3_tree/srt/kv_canary/runner/__pycache__/future_tensor.cpython-312.pyc': Permission denied
rm: cannot remove '/raid/yilegu/roofline_guided_agent/VibeSimWorkspace/scripts-local/vibesim-analysis-container/iter_opt_eval_k3_kda/trial_3_tree/srt/kv_canary/runner/__pycache__/violation_manager.cpython-312.pyc': Permission denied
rm: cannot remove '/raid/yilegu/roofline_guided_agent/VibeSimWorkspace/scripts-local/vibesim-analysis-container/iter_opt_eval_k3_kda/trial_3_tree/srt/kv_canary/runner/__pycache__/enable_warner.cpython-312.pyc': Permission denied
rm: cannot remove '/raid/yilegu/roofline_guided_agent/VibeSimWorkspace/scripts-local/vibesim-analysis-container/iter_opt_eval_k3_kda/trial_3_tree/srt/kv_canary/runner/__pycache__/__init__.cpython-312.pyc': Permission denied
rm: cannot remove '/raid/yilegu/roofline_guided_agent/VibeSimWorkspace/scripts-local/vibesim-analysis-container/iter_opt_eval_k3_kda/trial_3_tree/srt/kv_canary/runner/__pycache__/violation_reporter.cpython-312.pyc': Permission denied
rm: cannot remove '/raid/yilegu/roofline_guided_agent/VibeSimWorkspace/scripts-local/vibesim-analysis-container/iter_opt_eval_k3_kda/trial_3_tree/srt/kv_canary/runner/__pycache__/sweep.cpython-312.pyc': Permission denied
rm: cannot remove '/raid/yilegu/roofline_guided_agent/VibeSimWorkspace/scripts-local/vibesim-analysis-container/iter_opt_eval_k3_kda/trial_3_tree/srt/kv_canary/runner/__pycache__/stats_logger.cpython-312.pyc': Permission denied
rm: cannot remove '/raid/yilegu/roofline_guided_agent/VibeSimWorkspace/scripts-local/vibesim-analysis-container/iter_opt_eval_k3_kda/trial_3_tree/srt/kv_canary/runner/__pycache__/swa_divergence.cpython-312.pyc': Permission denied
rm: cannot remove '/raid/yilegu/roofline_guided_agent/VibeSimWorkspace/scripts-local/vibesim-analysis-container/iter_opt_eval_k3_kda/trial_3_tree/srt/kv_canary/runner/__pycache__/canary_manager.cpython-312.pyc': Permission denied
rm: cannot remove '/raid/yilegu/roofline_guided_agent/VibeSimWorkspace/scripts-local/vibesim-analysis-container/iter_opt_eval_k3_kda/trial_3_tree/srt/kv_canary/runner/__pycache__/kernel_launcher.cpython-312.pyc': Permission denied
rm: cannot remove '/raid/yilegu/roofline_guided_agent/VibeSimWorkspace/scripts-local/vibesim-analysis-container/iter_opt_eval_k3_kda/trial_3_tree/srt/function_call/__pycache__/spark25_detector.cpython-312.pyc': Permission denied
rm: cannot remove '/raid/yilegu/roofline_guided_agent/VibeSimWorkspace/scripts-local/vibesim-analysis-container/iter_opt_eval_k3_kda/trial_3_tree/srt/function_call/__pycache__/deepseekv31_detector.cpython-312.pyc': Permission denied
rm: cannot remove '/raid/yilegu/roofline_guided_agent/VibeSimWorkspace/scripts-local/vibesim-analysis-container/iter_opt_eval_k3_kda/trial_3_tree/srt/function_call/__pycache__/mistral_detector.cpython-312.pyc': Permission denied
rm: cannot remove '/raid/yilegu/roofline_guided_agent/VibeSimWorkspace/scripts-local/vibesim-analysis-container/iter_opt_eval_k3_kda/trial_3_tree/srt/function_call/__pycache__/deepseekv4_detector.cpython-312.pyc': Permission denied
rm: cannot remove '/raid/yilegu/roofline_guided_agent/VibeSimWorkspace/scripts-local/vibesim-analysis-container/iter_opt_eval_k3_kda/trial_3_tree/srt/function_call/__pycache__/minimax_m3.cpython-312.pyc': Permission denied
rm: cannot remove '/raid/yilegu/roofline_guided_agent/VibeSimWorkspace/scripts-local/vibesim-analysis-container/iter_opt_eval_k3_kda/trial_3_tree/srt/function_call/__pycache__/kimik3_format.cpython-312.pyc': Permission denied
rm: cannot remove '/raid/yilegu/roofline_guided_agent/VibeSimWorkspace/scripts-local/vibesim-analysis-container/iter_opt_eval_k3_kda/trial_3_tree/srt/function_call/__pycache__/internlm_detector.cpython-312.pyc': Permission denied
rm: cannot remove '/raid/yilegu/roofline_guided_agent/VibeSimWorkspace/scripts-local/vibesim-analysis-container/iter_opt_eval_k3_kda/trial_3_tree/srt/function_call/__pycache__/ling3_detector.cpython-312.pyc': Permission denied
rm: cannot remove '/raid/yilegu/roofline_guided_agent/VibeSimWorkspace/scripts-local/vibesim-analysis-container/iter_opt_eval_k3_kda/trial_3_tree/srt/function_call/__pycache__/kimik3_structural_tag.cpython-312.pyc': Permission denied
rm: cannot remove '/raid/yilegu/roofline_guided_agent/VibeSimWorkspace/scripts-local/vibesim-analysis-container/iter_opt_eval_k3_kda/trial_3_tree/srt/function_call/__pycache__/qwen25_detector.cpython-312.pyc': Permission denied
rm: cannot remove '/raid/yilegu/roofline_guided_agent/VibeSimWorkspace/scripts-local/vibesim-analysis-container/iter_opt_eval_k3_kda/trial_3_tree/srt/function_call/__pycache__/minicpm5_detector.cpython-312.pyc': Permission denied
rm: cannot remove '/raid/yilegu/roofline_guided_agent/VibeSimWorkspace/scripts-local/vibesim-analysis-container/iter_opt_eval_k3_kda/trial_3_tree/srt/function_call/__pycache__/dots_detector.cpython-312.pyc': Permission denied
rm: cannot remove '/raid/yilegu/roofline_guided_agent/VibeSimWorkspace/scripts-local/vibesim-analysis-container/iter_opt_eval_k3_kda/trial_3_tree/srt/function_call/__pycache__/trinity_detector.cpython-312.pyc': Permission denied
rm: cannot remove '/raid/yilegu/roofline_guided_agent/VibeSimWorkspace/scripts-local/vibesim-analysis-container/iter_opt_eval_k3_kda/trial_3_tree/srt/function_call/__pycache__/base_format_detector.cpython-312.pyc': Permission denied
rm: cannot remove '/raid/yilegu/roofline_guided_agent/VibeSimWorkspace/scripts-local/vibesim-analysis-container/iter_opt_eval_k3_kda/trial_3_tree/srt/function_call/__pycache__/utils.cpython-312.pyc': Permission denied
rm: cannot remove '/raid/yilegu/roofline_guided_agent/VibeSimWorkspace/scripts-local/vibesim-analysis-container/iter_opt_eval_k3_kda/trial_3_tree/srt/function_call/__pycache__/muse_glimmer_format.cpython-312.pyc': Permission denied
rm: cannot remove '/raid/yilegu/roofline_guided_agent/VibeSimWorkspace/scripts-local/vibesim-analysis-container/iter_opt_eval_k3_kda/trial_3_tree/srt/function_call/__pycache__/kimik3_detector.cpython-312.pyc': Permission denied
rm: cannot remove '/raid/yilegu/roofline_guided_agent/VibeSimWorkspace/scripts-local/vibesim-analysis-container/iter_opt_eval_k3_kda/trial_3_tree/srt/function_call/__pycache__/cohere_command4_detector.cpython-312.pyc': Permission denied
rm: cannot remove '/raid/yilegu/roofline_guided_agent/VibeSimWorkspace/scripts-local/vibesim-analysis-container/iter_opt_eval_k3_kda/trial_3_tree/srt/function_call/__pycache__/lfm2_detector.cpython-312.pyc': Permission denied
rm: cannot remove '/raid/yilegu/roofline_guided_agent/VibeSimWorkspace/scripts-local/vibesim-analysis-container/iter_opt_eval_k3_kda/trial_3_tree/srt/function_call/__pycache__/deepseekv3_detector.cpython-312.pyc': Permission denied
rm: cannot remove '/raid/yilegu/roofline_guided_agent/VibeSimWorkspace/scripts-local/vibesim-analysis-container/iter_opt_eval_k3_kda/trial_3_tree/srt/function_call/__pycache__/gigachat3_detector.cpython-312.pyc': Permission denied
rm: cannot remove '/raid/yilegu/roofline_guided_agent/VibeSimWorkspace/scripts-local/vibesim-analysis-container/iter_opt_eval_k3_kda/trial_3_tree/srt/function_call/__pycache__/kimik2_detector.cpython-312.pyc': Permission denied
rm: cannot remove '/raid/yilegu/roofline_guided_agent/VibeSimWorkspace/scripts-local/vibesim-analysis-container/iter_opt_eval_k3_kda/trial_3_tree/srt/function_call/__pycache__/k2_v3_detector.cpython-312.pyc': Permission denied
rm: cannot remove '/raid/yilegu/roofline_guided_agent/VibeSimWorkspace/scripts-local/vibesim-analysis-container/iter_opt_eval_k3_kda/trial_3_tree/srt/function_call/__pycache__/qwen3_coder_detector.cpython-312.pyc': Permission denied
rm: cannot remove '/raid/yilegu/roofline_guided_agent/VibeSimWorkspace/scripts-local/vibesim-analysis-container/iter_opt_eval_k3_kda/trial_3_tree/srt/function_call/__pycache__/llama32_detector.cpython-312.pyc': Permission denied
rm: cannot remove '/raid/yilegu/roofline_guided_agent/VibeSimWorkspace/scripts-local/vibesim-analysis-container/iter_opt_eval_k3_kda/trial_3_tree/srt/function_call/__pycache__/hermes_detector.cpython-312.pyc': Permission denied
rm: cannot remove '/raid/yilegu/roofline_guided_agent/VibeSimWorkspace/scripts-local/vibesim-analysis-container/iter_opt_eval_k3_kda/trial_3_tree/srt/function_call/__pycache__/pythonic_detector.cpython-312.pyc': Permission denied
rm: cannot remove '/raid/yilegu/roofline_guided_agent/VibeSimWorkspace/scripts-local/vibesim-analysis-container/iter_opt_eval_k3_kda/trial_3_tree/srt/function_call/__pycache__/function_call_parser.cpython-312.pyc': Permission denied
rm: cannot remove '/raid/yilegu/roofline_guided_agent/VibeSimWorkspace/scripts-local/vibesim-analysis-container/iter_opt_eval_k3_kda/trial_3_tree/srt/function_call/__pycache__/apertus2509_detector.cpython-312.pyc': Permission denied
rm: cannot remove '/raid/yilegu/roofline_guided_agent/VibeSimWorkspace/scripts-local/vibesim-analysis-container/iter_opt_eval_k3_kda/trial_3_tree/srt/function_call/__pycache__/glm47_moe_detector.cpython-312.pyc': Permission denied
rm: cannot remove '/raid/yilegu/roofline_guided_agent/VibeSimWorkspace/scripts-local/vibesim-analysis-container/iter_opt_eval_k3_kda/trial_3_tree/srt/function_call/__pycache__/minimax_m2.cpython-312.pyc': Permission denied
rm: cannot remove '/raid/yilegu/roofline_guided_agent/VibeSimWorkspace/scripts-local/vibesim-analysis-container/iter_opt_eval_k3_kda/trial_3_tree/srt/function_call/__pycache__/muse_glimmer_detector.cpython-312.pyc': Permission denied
rm: cannot remove '/raid/yilegu/roofline_guided_agent/VibeSimWorkspace/scripts-local/vibesim-analysis-container/iter_opt_eval_k3_kda/trial_3_tree/srt/function_call/__pycache__/poolside_v1_detector.cpython-312.pyc': Permission denied
rm: cannot remove '/raid/yilegu/roofline_guided_agent/VibeSimWorkspace/scripts-local/vibesim-analysis-container/iter_opt_eval_k3_kda/trial_3_tree/srt/function_call/__pycache__/mimo_detector.cpython-312.pyc': Permission denied
rm: cannot remove '/raid/yilegu/roofline_guided_agent/VibeSimWorkspace/scripts-local/vibesim-analysis-container/iter_opt_eval_k3_kda/trial_3_tree/srt/function_call/__pycache__/step3_detector.cpython-312.pyc': Permission denied
rm: cannot remove '/raid/yilegu/roofline_guided_agent/VibeSimWorkspace/scripts-local/vibesim-analysis-container/iter_opt_eval_k3_kda/trial_3_tree/srt/function_call/__pycache__/gemma4_detector.cpython-312.pyc': Permission denied
rm: cannot remove '/raid/yilegu/roofline_guided_agent/VibeSimWorkspace/scripts-local/vibesim-analysis-container/iter_opt_eval_k3_kda/trial_3_tree/srt/function_call/__pycache__/hunyuan_detector.cpython-312.pyc': Permission denied
rm: cannot remove '/raid/yilegu/roofline_guided_agent/VibeSimWorkspace/scripts-local/vibesim-analysis-container/iter_opt_eval_k3_kda/trial_3_tree/srt/function_call/__pycache__/inkling_detector.cpython-312.pyc': Permission denied
rm: cannot remove '/raid/yilegu/roofline_guided_agent/VibeSimWorkspace/scripts-local/vibesim-analysis-container/iter_opt_eval_k3_kda/trial_3_tree/srt/function_call/__pycache__/deepseekv32_detector.cpython-312.pyc': Permission denied
rm: cannot remove '/raid/yilegu/roofline_guided_agent/VibeSimWorkspace/scripts-local/vibesim-analysis-container/iter_opt_eval_k3_kda/trial_3_tree/srt/function_call/__pycache__/glm4_moe_detector.cpython-312.pyc': Permission denied
rm: cannot remove '/raid/yilegu/roofline_guided_agent/VibeSimWorkspace/scripts-local/vibesim-analysis-container/iter_opt_eval_k3_kda/trial_3_tree/srt/function_call/__pycache__/gpt_oss_detector.cpython-312.pyc': Permission denied
rm: cannot remove '/raid/yilegu/roofline_guided_agent/VibeSimWorkspace/scripts-local/vibesim-analysis-container/iter_opt_eval_k3_kda/trial_3_tree/srt/function_call/__pycache__/core_types.cpython-312.pyc': Permission denied
rm: cannot remove '/raid/yilegu/roofline_guided_agent/VibeSimWorkspace/scripts-local/vibesim-analysis-container/iter_opt_eval_k3_kda/trial_3_tree/srt/parser/__pycache__/reasoning_parser.cpython-312.pyc': Permission denied
rm: cannot remove '/raid/yilegu/roofline_guided_agent/VibeSimWorkspace/scripts-local/vibesim-analysis-container/iter_opt_eval_k3_kda/trial_3_tree/srt/parser/__pycache__/inkling_tokenizer.cpython-312.pyc': Permission denied
rm: cannot remove '/raid/yilegu/roofline_guided_agent/VibeSimWorkspace/scripts-local/vibesim-analysis-container/iter_opt_eval_k3_kda/trial_3_tree/srt/parser/__pycache__/harmony_parser.cpython-312.pyc': Permission denied
rm: cannot remove '/raid/yilegu/roofline_guided_agent/VibeSimWorkspace/scripts-local/vibesim-analysis-container/iter_opt_eval_k3_kda/trial_3_tree/srt/platforms/__pycache__/device_mixin.cpython-312.pyc': Permission denied
rm: cannot remove '/raid/yilegu/roofline_guided_agent/VibeSimWorkspace/scripts-local/vibesim-analysis-container/iter_opt_eval_k3_kda/trial_3_tree/srt/platforms/__pycache__/cuda.cpython-312.pyc': Permission denied
rm: cannot remove '/raid/yilegu/roofline_guided_agent/VibeSimWorkspace/scripts-local/vibesim-analysis-container/iter_opt_eval_k3_kda/trial_3_tree/srt/platforms/__pycache__/__init__.cpython-312.pyc': Permission denied
rm: cannot remove '/raid/yilegu/roofline_guided_agent/VibeSimWorkspace/scripts-local/vibesim-analysis-container/iter_opt_eval_k3_kda/trial_3_tree/srt/platforms/__pycache__/xpu.cpython-312.pyc': Permission denied
rm: cannot remove '/raid/yilegu/roofline_guided_agent/VibeSimWorkspace/scripts-local/vibesim-analysis-container/iter_opt_eval_k3_kda/trial_3_tree/srt/platforms/__pycache__/rocm.cpython-312.pyc': Permission denied
rm: cannot remove '/raid/yilegu/roofline_guided_agent/VibeSimWorkspace/scripts-local/vibesim-analysis-container/iter_opt_eval_k3_kda/trial_3_tree/srt/platforms/__pycache__/cpu.cpython-312.pyc': Permission denied
rm: cannot remove '/raid/yilegu/roofline_guided_agent/VibeSimWorkspace/scripts-local/vibesim-analysis-container/iter_opt_eval_k3_kda/trial_3_tree/srt/platforms/__pycache__/npu.cpython-312.pyc': Permission denied
rm: cannot remove '/raid/yilegu/roofline_guided_agent/VibeSimWorkspace/scripts-local/vibesim-analysis-container/iter_opt_eval_k3_kda/trial_3_tree/srt/platforms/__pycache__/interface.cpython-312.pyc': Permission denied
rm: cannot remove '/raid/yilegu/roofline_guided_agent/VibeSimWorkspace/scripts-local/vibesim-analysis-container/iter_opt_eval_k3_kda/trial_3_tree/srt/disaggregation/__pycache__/utils.cpython-312.pyc': Permission denied
rm: cannot remove '/raid/yilegu/roofline_guided_agent/VibeSimWorkspace/scripts-local/vibesim-analysis-container/iter_opt_eval_k3_kda/trial_3_tree/srt/disaggregation/__pycache__/kv_events.cpython-312.pyc': Permission denied
rm: cannot remove '/raid/yilegu/roofline_guided_agent/VibeSimWorkspace/scripts-local/vibesim-analysis-container/iter_opt_eval_k3_kda/trial_3_tree/srt/disaggregation/__pycache__/decode_schedule_batch_mixin.cpython-312.pyc': Permission denied
rm: cannot remove '/raid/yilegu/roofline_guided_agent/VibeSimWorkspace/scripts-local/vibesim-analysis-container/iter_opt_eval_k3_kda/trial_3_tree/srt/disaggregation/base/__pycache__/__init__.cpython-312.pyc': Permission denied
rm: cannot remove '/raid/yilegu/roofline_guided_agent/VibeSimWorkspace/scripts-local/vibesim-analysis-container/iter_opt_eval_k3_kda/trial_3_tree/srt/disaggregation/base/__pycache__/conn.cpython-312.pyc': Permission denied
rm: cannot remove '/raid/yilegu/roofline_guided_agent/VibeSimWorkspace/scripts-local/vibesim-analysis-container/iter_opt_eval_k3_kda/trial_3_tree/srt/arg_groups/model_overrides/__pycache__/muse_glimmer.cpython-312.pyc': Permission denied
rm: cannot remove '/raid/yilegu/roofline_guided_agent/VibeSimWorkspace/scripts-local/vibesim-analysis-container/iter_opt_eval_k3_kda/trial_3_tree/srt/arg_groups/model_overrides/__pycache__/minimax_m3.cpython-312.pyc': Permission denied
rm: cannot remove '/raid/yilegu/roofline_guided_agent/VibeSimWorkspace/scripts-local/vibesim-analysis-container/iter_opt_eval_k3_kda/trial_3_tree/srt/arg_groups/model_overrides/__pycache__/gemma2_gemma3.cpython-312.pyc': Permission denied
rm: cannot remove '/raid/yilegu/roofline_guided_agent/VibeSimWorkspace/scripts-local/vibesim-analysis-container/iter_opt_eval_k3_kda/trial_3_tree/srt/arg_groups/model_overrides/__pycache__/inkling.cpython-312.pyc': Permission denied
rm: cannot remove '/raid/yilegu/roofline_guided_agent/VibeSimWorkspace/scripts-local/vibesim-analysis-container/iter_opt_eval_k3_kda/trial_3_tree/srt/arg_groups/model_overrides/__pycache__/__init__.cpython-312.pyc': Permission denied
rm: cannot remove '/raid/yilegu/roofline_guided_agent/VibeSimWorkspace/scripts-local/vibesim-analysis-container/iter_opt_eval_k3_kda/trial_3_tree/srt/arg_groups/model_overrides/__pycache__/granitemoehybrid.cpython-312.pyc': Permission denied
rm: cannot remove '/raid/yilegu/roofline_guided_agent/VibeSimWorkspace/scripts-local/vibesim-analysis-container/iter_opt_eval_k3_kda/trial_3_tree/srt/arg_groups/model_overrides/__pycache__/glm4_moe.cpython-312.pyc': Permission denied
rm: cannot remove '/raid/yilegu/roofline_guided_agent/VibeSimWorkspace/scripts-local/vibesim-analysis-container/iter_opt_eval_k3_kda/trial_3_tree/srt/arg_groups/model_overrides/__pycache__/nemotron_h.cpython-312.pyc': Permission denied
rm: cannot remove '/raid/yilegu/roofline_guided_agent/VibeSimWorkspace/scripts-local/vibesim-analysis-container/iter_opt_eval_k3_kda/trial_3_tree/srt/arg_groups/model_overrides/__pycache__/minicpm.cpython-312.pyc': Permission denied
rm: cannot remove '/raid/yilegu/roofline_guided_agent/VibeSimWorkspace/scripts-local/vibesim-analysis-container/iter_opt_eval_k3_kda/trial_3_tree/srt/arg_groups/model_overrides/__pycache__/qwen4_exp.cpython-312.pyc': Permission denied
rm: cannot remove '/raid/yilegu/roofline_guided_agent/VibeSimWorkspace/scripts-local/vibesim-analysis-container/iter_opt_eval_k3_kda/trial_3_tree/srt/arg_groups/model_overrides/__pycache__/interns2_mobius.cpython-312.pyc': Permission denied
rm: cannot remove '/raid/yilegu/roofline_guided_agent/VibeSimWorkspace/scripts-local/vibesim-analysis-container/iter_opt_eval_k3_kda/trial_3_tree/srt/arg_groups/model_overrides/__pycache__/minicpmv.cpython-312.pyc': Permission denied
rm: cannot remove '/raid/yilegu/roofline_guided_agent/VibeSimWorkspace/scripts-local/vibesim-analysis-container/iter_opt_eval_k3_kda/trial_3_tree/srt/arg_groups/model_overrides/__pycache__/kimi_k3.cpython-312.pyc': Permission denied
rm: cannot remove '/raid/yilegu/roofline_guided_agent/VibeSimWorkspace/scripts-local/vibesim-analysis-container/iter_opt_eval_k3_kda/trial_3_tree/srt/arg_groups/model_overrides/__pycache__/deepseek_v2.cpython-312.pyc': Permission denied
rm: cannot remove '/raid/yilegu/roofline_guided_agent/VibeSimWorkspace/scripts-local/vibesim-analysis-container/iter_opt_eval_k3_kda/trial_3_tree/srt/arg_groups/model_overrides/__pycache__/llama4.cpython-312.pyc': Permission denied
rm: cannot remove '/raid/yilegu/roofline_guided_agent/VibeSimWorkspace/scripts-local/vibesim-analysis-container/iter_opt_eval_k3_kda/trial_3_tree/srt/arg_groups/model_overrides/__pycache__/gemma4.cpython-312.pyc': Permission denied
rm: cannot remove '/raid/yilegu/roofline_guided_agent/VibeSimWorkspace/scripts-local/vibesim-analysis-container/iter_opt_eval_k3_kda/trial_3_tree/srt/arg_groups/model_overrides/__pycache__/qwen3_5.cpython-312.pyc': Permission denied
rm: cannot remove '/raid/yilegu/roofline_guided_agent/VibeSimWorkspace/scripts-local/vibesim-analysis-container/iter_opt_eval_k3_kda/trial_3_tree/srt/arg_groups/model_overrides/__pycache__/minimax_m2.cpython-312.pyc': Permission denied
rm: cannot remove '/raid/yilegu/roofline_guided_agent/VibeSimWorkspace/scripts-local/vibesim-analysis-container/iter_opt_eval_k3_kda/trial_3_tree/srt/arg_groups/model_overrides/__pycache__/lfm2.cpython-312.pyc': Permission denied
rm: cannot remove '/raid/yilegu/roofline_guided_agent/VibeSimWorkspace/scripts-local/vibesim-analysis-container/iter_opt_eval_k3_kda/trial_3_tree/srt/arg_groups/model_overrides/__pycache__/qwen3_vl.cpython-312.pyc': Permission denied
rm: cannot remove '/raid/yilegu/roofline_guided_agent/VibeSimWorkspace/scripts-local/vibesim-analysis-container/iter_opt_eval_k3_kda/trial_3_tree/srt/arg_groups/model_overrides/__pycache__/falcon_h1.cpython-312.pyc': Permission denied
rm: cannot remove '/raid/yilegu/roofline_guided_agent/VibeSimWorkspace/scripts-local/vibesim-analysis-container/iter_opt_eval_k3_kda/trial_3_tree/srt/arg_groups/model_overrides/__pycache__/mimo_v2.cpython-312.pyc': Permission denied
rm: cannot remove '/raid/yilegu/roofline_guided_agent/VibeSimWorkspace/scripts-local/vibesim-analysis-container/iter_opt_eval_k3_kda/trial_3_tree/srt/arg_groups/model_overrides/__pycache__/exaone.cpython-312.pyc': Permission denied
rm: cannot remove '/raid/yilegu/roofline_guided_agent/VibeSimWorkspace/scripts-local/vibesim-analysis-container/iter_opt_eval_k3_kda/trial_3_tree/srt/arg_groups/model_overrides/__pycache__/qwen3_moe.cpython-312.pyc': Permission denied
rm: cannot remove '/raid/yilegu/roofline_guided_agent/VibeSimWorkspace/scripts-local/vibesim-analysis-container/iter_opt_eval_k3_kda/trial_3_tree/srt/arg_groups/model_overrides/__pycache__/deepseek_v4.cpython-312.pyc': Permission denied
rm: cannot remove '/raid/yilegu/roofline_guided_agent/VibeSimWorkspace/scripts-local/vibesim-analysis-container/iter_opt_eval_k3_kda/trial_3_tree/srt/arg_groups/model_overrides/__pycache__/cohere2_moe.cpython-312.pyc': Permission denied
rm: cannot remove '/raid/yilegu/roofline_guided_agent/VibeSimWorkspace/scripts-local/vibesim-analysis-container/iter_opt_eval_k3_kda/trial_3_tree/srt/arg_groups/model_overrides/__pycache__/olmo2.cpython-312.pyc': Permission denied
rm: cannot remove '/raid/yilegu/roofline_guided_agent/VibeSimWorkspace/scripts-local/vibesim-analysis-container/iter_opt_eval_k3_kda/trial_3_tree/srt/arg_groups/model_overrides/__pycache__/gpt_oss.cpython-312.pyc': Permission denied
rm: cannot remove '/raid/yilegu/roofline_guided_agent/VibeSimWorkspace/scripts-local/vibesim-analysis-container/iter_opt_eval_k3_kda/trial_3_tree/srt/arg_groups/model_overrides/__pycache__/moss_vl.cpython-312.pyc': Permission denied
rm: cannot remove '/raid/yilegu/roofline_guided_agent/VibeSimWorkspace/scripts-local/vibesim-analysis-container/iter_opt_eval_k3_kda/trial_3_tree/srt/arg_groups/__pycache__/mamba_hook.cpython-312.pyc': Permission denied
rm: cannot remove '/raid/yilegu/roofline_guided_agent/VibeSimWorkspace/scripts-local/vibesim-analysis-container/iter_opt_eval_k3_kda/trial_3_tree/srt/arg_groups/__pycache__/pipeline.cpython-312.pyc': Permission denied
rm: cannot remove '/raid/yilegu/roofline_guided_agent/VibeSimWorkspace/scripts-local/vibesim-analysis-container/iter_opt_eval_k3_kda/trial_3_tree/srt/arg_groups/__pycache__/resolution_hooks.cpython-312.pyc': Permission denied
rm: cannot remove '/raid/yilegu/roofline_guided_agent/VibeSimWorkspace/scripts-local/vibesim-analysis-container/iter_opt_eval_k3_kda/trial_3_tree/srt/arg_groups/__pycache__/expert_pack_hook.cpython-312.pyc': Permission denied
rm: cannot remove '/raid/yilegu/roofline_guided_agent/VibeSimWorkspace/scripts-local/vibesim-analysis-container/iter_opt_eval_k3_kda/trial_3_tree/srt/arg_groups/__pycache__/moe_hook.cpython-312.pyc': Permission denied
rm: cannot remove '/raid/yilegu/roofline_guided_agent/VibeSimWorkspace/scripts-local/vibesim-analysis-container/iter_opt_eval_k3_kda/trial_3_tree/srt/arg_groups/__pycache__/mega_moe_hook.cpython-312.pyc': Permission denied
rm: cannot remove '/raid/yilegu/roofline_guided_agent/VibeSimWorkspace/scripts-local/vibesim-analysis-container/iter_opt_eval_k3_kda/trial_3_tree/srt/arg_groups/__pycache__/field_order.cpython-312.pyc': Permission denied
rm: cannot remove '/raid/yilegu/roofline_guided_agent/VibeSimWorkspace/scripts-local/vibesim-analysis-container/iter_opt_eval_k3_kda/trial_3_tree/srt/arg_groups/__pycache__/prefill_buffer_ceiling.cpython-312.pyc': Permission denied
rm: cannot remove '/raid/yilegu/roofline_guided_agent/VibeSimWorkspace/scripts-local/vibesim-analysis-container/iter_opt_eval_k3_kda/trial_3_tree/srt/arg_groups/__pycache__/kimi_k3_hook.cpython-312.pyc': Permission denied
rm: cannot remove '/raid/yilegu/roofline_guided_agent/VibeSimWorkspace/scripts-local/vibesim-analysis-container/iter_opt_eval_k3_kda/trial_3_tree/srt/arg_groups/__pycache__/kv_cache_hook.cpython-312.pyc': Permission denied
rm: cannot remove '/raid/yilegu/roofline_guided_agent/VibeSimWorkspace/scripts-local/vibesim-analysis-container/iter_opt_eval_k3_kda/trial_3_tree/srt/arg_groups/__pycache__/hicache_hook.cpython-312.pyc': Permission denied
rm: cannot remove '/raid/yilegu/roofline_guided_agent/VibeSimWorkspace/scripts-local/vibesim-analysis-container/iter_opt_eval_k3_kda/trial_3_tree/srt/arg_groups/__pycache__/__init__.cpython-312.pyc': Permission denied
rm: cannot remove '/raid/yilegu/roofline_guided_agent/VibeSimWorkspace/scripts-local/vibesim-analysis-container/iter_opt_eval_k3_kda/trial_3_tree/srt/arg_groups/__pycache__/attention_hook.cpython-312.pyc': Permission denied
rm: cannot remove '/raid/yilegu/roofline_guided_agent/VibeSimWorkspace/scripts-local/vibesim-analysis-container/iter_opt_eval_k3_kda/trial_3_tree/srt/arg_groups/__pycache__/dllm_hook.cpython-312.pyc': Permission denied
rm: cannot remove '/raid/yilegu/roofline_guided_agent/VibeSimWorkspace/scripts-local/vibesim-analysis-container/iter_opt_eval_k3_kda/trial_3_tree/srt/arg_groups/__pycache__/argparse_actions.cpython-312.pyc': Permission denied
rm: cannot remove '/raid/yilegu/roofline_guided_agent/VibeSimWorkspace/scripts-local/vibesim-analysis-container/iter_opt_eval_k3_kda/trial_3_tree/srt/arg_groups/__pycache__/model_hook.cpython-312.pyc': Permission denied
rm: cannot remove '/raid/yilegu/roofline_guided_agent/VibeSimWorkspace/scripts-local/vibesim-analysis-container/iter_opt_eval_k3_kda/trial_3_tree/srt/arg_groups/__pycache__/layernorm_sp_hook.cpython-312.pyc': Permission denied
rm: cannot remove '/raid/yilegu/roofline_guided_agent/VibeSimWorkspace/scripts-local/vibesim-analysis-container/iter_opt_eval_k3_kda/trial_3_tree/srt/arg_groups/__pycache__/pd_disaggregation_hook.cpython-312.pyc': Permission denied
rm: cannot remove '/raid/yilegu/roofline_guided_agent/VibeSimWorkspace/scripts-local/vibesim-analysis-container/iter_opt_eval_k3_kda/trial_3_tree/srt/arg_groups/__pycache__/model_override_base.cpython-312.pyc': Permission denied
rm: cannot remove '/raid/yilegu/roofline_guided_agent/VibeSimWorkspace/scripts-local/vibesim-analysis-container/iter_opt_eval_k3_kda/trial_3_tree/srt/arg_groups/__pycache__/platform_hook.cpython-312.pyc': Permission denied
rm: cannot remove '/raid/yilegu/roofline_guided_agent/VibeSimWorkspace/scripts-local/vibesim-analysis-container/iter_opt_eval_k3_kda/trial_3_tree/srt/arg_groups/__pycache__/memory_hook.cpython-312.pyc': Permission denied
rm: cannot remove '/raid/yilegu/roofline_guided_agent/VibeSimWorkspace/scripts-local/vibesim-analysis-container/iter_opt_eval_k3_kda/trial_3_tree/srt/arg_groups/__pycache__/cuda_graph_hook.cpython-312.pyc': Permission denied
rm: cannot remove '/raid/yilegu/roofline_guided_agent/VibeSimWorkspace/scripts-local/vibesim-analysis-container/iter_opt_eval_k3_kda/trial_3_tree/srt/arg_groups/__pycache__/model_path_hook.cpython-312.pyc': Permission denied
rm: cannot remove '/raid/yilegu/roofline_guided_agent/VibeSimWorkspace/scripts-local/vibesim-analysis-container/iter_opt_eval_k3_kda/trial_3_tree/srt/arg_groups/__pycache__/validation_hook.cpython-312.pyc': Permission denied
rm: cannot remove '/raid/yilegu/roofline_guided_agent/VibeSimWorkspace/scripts-local/vibesim-analysis-container/iter_opt_eval_k3_kda/trial_3_tree/srt/arg_groups/__pycache__/overrides.cpython-312.pyc': Permission denied
rm: cannot remove '/raid/yilegu/roofline_guided_agent/VibeSimWorkspace/scripts-local/vibesim-analysis-container/iter_opt_eval_k3_kda/trial_3_tree/srt/arg_groups/__pycache__/arg_utils.cpython-312.pyc': Permission denied
rm: cannot remove '/raid/yilegu/roofline_guided_agent/VibeSimWorkspace/scripts-local/vibesim-analysis-container/iter_opt_eval_k3_kda/trial_3_tree/srt/arg_groups/__pycache__/parallel_hook.cpython-312.pyc': Permission denied
rm: cannot remove '/raid/yilegu/roofline_guided_agent/VibeSimWorkspace/scripts-local/vibesim-analysis-container/iter_opt_eval_k3_kda/trial_3_tree/srt/arg_groups/__pycache__/serving_hook.cpython-312.pyc': Permission denied
rm: cannot remove '/raid/yilegu/roofline_guided_agent/VibeSimWorkspace/scripts-local/vibesim-analysis-container/iter_opt_eval_k3_kda/trial_3_tree/srt/arg_groups/__pycache__/choices.cpython-312.pyc': Permission denied
rm: cannot remove '/raid/yilegu/roofline_guided_agent/VibeSimWorkspace/scripts-local/vibesim-analysis-container/iter_opt_eval_k3_kda/trial_3_tree/srt/arg_groups/__pycache__/speculative_hook.cpython-312.pyc': Permission denied
rm: cannot remove '/raid/yilegu/roofline_guided_agent/VibeSimWorkspace/scripts-local/vibesim-analysis-container/iter_opt_eval_k3_kda/trial_3_tree/srt/arg_groups/fields/__pycache__/schedule.cpython-312.pyc': Permission denied
rm: cannot remove '/raid/yilegu/roofline_guided_agent/VibeSimWorkspace/scripts-local/vibesim-analysis-container/iter_opt_eval_k3_kda/trial_3_tree/srt/arg_groups/fields/__pycache__/device.cpython-312.pyc': Permission denied
rm: cannot remove '/raid/yilegu/roofline_guided_agent/VibeSimWorkspace/scripts-local/vibesim-analysis-container/iter_opt_eval_k3_kda/trial_3_tree/srt/arg_groups/fields/__pycache__/model.cpython-312.pyc': Permission denied
rm: cannot remove '/raid/yilegu/roofline_guided_agent/VibeSimWorkspace/scripts-local/vibesim-analysis-container/iter_opt_eval_k3_kda/trial_3_tree/srt/arg_groups/fields/__pycache__/mm.cpython-312.pyc': Permission denied
rm: cannot remove '/raid/yilegu/roofline_guided_agent/VibeSimWorkspace/scripts-local/vibesim-analysis-container/iter_opt_eval_k3_kda/trial_3_tree/srt/arg_groups/fields/__pycache__/__init__.cpython-312.pyc': Permission denied
rm: cannot remove '/raid/yilegu/roofline_guided_agent/VibeSimWorkspace/scripts-local/vibesim-analysis-container/iter_opt_eval_k3_kda/trial_3_tree/srt/arg_groups/fields/__pycache__/parallel.cpython-312.pyc': Permission denied
rm: cannot remove '/raid/yilegu/roofline_guided_agent/VibeSimWorkspace/scripts-local/vibesim-analysis-container/iter_opt_eval_k3_kda/trial_3_tree/srt/arg_groups/fields/__pycache__/exec_.cpython-312.pyc': Permission denied
rm: cannot remove '/raid/yilegu/roofline_guided_agent/VibeSimWorkspace/scripts-local/vibesim-analysis-container/iter_opt_eval_k3_kda/trial_3_tree/srt/arg_groups/fields/__pycache__/disagg.cpython-312.pyc': Permission denied
rm: cannot remove '/raid/yilegu/roofline_guided_agent/VibeSimWorkspace/scripts-local/vibesim-analysis-container/iter_opt_eval_k3_kda/trial_3_tree/srt/arg_groups/fields/__pycache__/memory.cpython-312.pyc': Permission denied
rm: cannot remove '/raid/yilegu/roofline_guided_agent/VibeSimWorkspace/scripts-local/vibesim-analysis-container/iter_opt_eval_k3_kda/trial_3_tree/srt/arg_groups/fields/__pycache__/lora.cpython-312.pyc': Permission denied
rm: cannot remove '/raid/yilegu/roofline_guided_agent/VibeSimWorkspace/scripts-local/vibesim-analysis-container/iter_opt_eval_k3_kda/trial_3_tree/srt/arg_groups/fields/__pycache__/serving.cpython-312.pyc': Permission denied
rm: cannot remove '/raid/yilegu/roofline_guided_agent/VibeSimWorkspace/scripts-local/vibesim-analysis-container/iter_opt_eval_k3_kda/trial_3_tree/srt/arg_groups/fields/__pycache__/observability.cpython-312.pyc': Permission denied
rm: cannot remove '/raid/yilegu/roofline_guided_agent/VibeSimWorkspace/scripts-local/vibesim-analysis-container/iter_opt_eval_k3_kda/trial_3_tree/srt/arg_groups/fields/__pycache__/spec.cpython-312.pyc': Permission denied
rm: cannot remove '/raid/yilegu/roofline_guided_agent/VibeSimWorkspace/scripts-local/vibesim-analysis-container/iter_opt_eval_k3_kda/trial_3_tree/srt/configs/__pycache__/longcat_flash.cpython-312.pyc': Permission denied
rm: cannot remove '/raid/yilegu/roofline_guided_agent/VibeSimWorkspace/scripts-local/vibesim-analysis-container/iter_opt_eval_k3_kda/trial_3_tree/srt/configs/__pycache__/dots3.cpython-312.pyc': Permission denied
rm: cannot remove '/raid/yilegu/roofline_guided_agent/VibeSimWorkspace/scripts-local/vibesim-analysis-container/iter_opt_eval_k3_kda/trial_3_tree/srt/configs/__pycache__/jet_vlm.cpython-312.pyc': Permission denied
rm: cannot remove '/raid/yilegu/roofline_guided_agent/VibeSimWorkspace/scripts-local/vibesim-analysis-container/iter_opt_eval_k3_kda/trial_3_tree/srt/configs/__pycache__/lfm2_vl.cpython-312.pyc': Permission denied
rm: cannot remove '/raid/yilegu/roofline_guided_agent/VibeSimWorkspace/scripts-local/vibesim-analysis-container/iter_opt_eval_k3_kda/trial_3_tree/srt/configs/__pycache__/kimi_k25.cpython-312.pyc': Permission denied
rm: cannot remove '/raid/yilegu/roofline_guided_agent/VibeSimWorkspace/scripts-local/vibesim-analysis-container/iter_opt_eval_k3_kda/trial_3_tree/srt/configs/__pycache__/nano_nemotron_vl.cpython-312.pyc': Permission denied
rm: cannot remove '/raid/yilegu/roofline_guided_agent/VibeSimWorkspace/scripts-local/vibesim-analysis-container/iter_opt_eval_k3_kda/trial_3_tree/srt/configs/__pycache__/k2_horizon.cpython-312.pyc': Permission denied
rm: cannot remove '/raid/yilegu/roofline_guided_agent/VibeSimWorkspace/scripts-local/vibesim-analysis-container/iter_opt_eval_k3_kda/trial_3_tree/srt/configs/__pycache__/muse_glimmer.cpython-312.pyc': Permission denied
rm: cannot remove '/raid/yilegu/roofline_guided_agent/VibeSimWorkspace/scripts-local/vibesim-analysis-container/iter_opt_eval_k3_kda/trial_3_tree/srt/configs/__pycache__/kimi_linear.cpython-312.pyc': Permission denied
rm: cannot remove '/raid/yilegu/roofline_guided_agent/VibeSimWorkspace/scripts-local/vibesim-analysis-container/iter_opt_eval_k3_kda/trial_3_tree/srt/configs/__pycache__/embedding_model_spec.cpython-312.pyc': Permission denied
rm: cannot remove '/raid/yilegu/roofline_guided_agent/VibeSimWorkspace/scripts-local/vibesim-analysis-container/iter_opt_eval_k3_kda/trial_3_tree/srt/configs/__pycache__/modelopt_config.cpython-312.pyc': Permission denied
rm: cannot remove '/raid/yilegu/roofline_guided_agent/VibeSimWorkspace/scripts-local/vibesim-analysis-container/iter_opt_eval_k3_kda/trial_3_tree/srt/configs/__pycache__/afmoe.cpython-312.pyc': Permission denied
rm: cannot remove '/raid/yilegu/roofline_guided_agent/VibeSimWorkspace/scripts-local/vibesim-analysis-container/iter_opt_eval_k3_kda/trial_3_tree/srt/configs/__pycache__/hy_v4.cpython-312.pyc': Permission denied
rm: cannot remove '/raid/yilegu/roofline_guided_agent/VibeSimWorkspace/scripts-local/vibesim-analysis-container/iter_opt_eval_k3_kda/trial_3_tree/srt/configs/__pycache__/kimi_vl_moonvit.cpython-312.pyc': Permission denied
rm: cannot remove '/raid/yilegu/roofline_guided_agent/VibeSimWorkspace/scripts-local/vibesim-analysis-container/iter_opt_eval_k3_kda/trial_3_tree/srt/configs/__pycache__/zaya.cpython-312.pyc': Permission denied
rm: cannot remove '/raid/yilegu/roofline_guided_agent/VibeSimWorkspace/scripts-local/vibesim-analysis-container/iter_opt_eval_k3_kda/trial_3_tree/srt/configs/__pycache__/inkling.cpython-312.pyc': Permission denied
rm: cannot remove '/raid/yilegu/roofline_guided_agent/VibeSimWorkspace/scripts-local/vibesim-analysis-container/iter_opt_eval_k3_kda/trial_3_tree/srt/configs/__pycache__/spark2_5.cpython-312.pyc': Permission denied
rm: cannot remove '/raid/yilegu/roofline_guided_agent/VibeSimWorkspace/scripts-local/vibesim-analysis-container/iter_opt_eval_k3_kda/trial_3_tree/srt/configs/__pycache__/qwen3_next.cpython-312.pyc': Permission denied
rm: cannot remove '/raid/yilegu/roofline_guided_agent/VibeSimWorkspace/scripts-local/vibesim-analysis-container/iter_opt_eval_k3_kda/trial_3_tree/srt/configs/__pycache__/__init__.cpython-312.pyc': Permission denied
rm: cannot remove '/raid/yilegu/roofline_guided_agent/VibeSimWorkspace/scripts-local/vibesim-analysis-container/iter_opt_eval_k3_kda/trial_3_tree/srt/configs/__pycache__/internvl.cpython-312.pyc': Permission denied
rm: cannot remove '/raid/yilegu/roofline_guided_agent/VibeSimWorkspace/scripts-local/vibesim-analysis-container/iter_opt_eval_k3_kda/trial_3_tree/srt/configs/__pycache__/granitemoehybrid.cpython-312.pyc': Permission denied
rm: cannot remove '/raid/yilegu/roofline_guided_agent/VibeSimWorkspace/scripts-local/vibesim-analysis-container/iter_opt_eval_k3_kda/trial_3_tree/srt/configs/__pycache__/lfm2_moe.cpython-312.pyc': Permission denied
rm: cannot remove '/raid/yilegu/roofline_guided_agent/VibeSimWorkspace/scripts-local/vibesim-analysis-container/iter_opt_eval_k3_kda/trial_3_tree/srt/configs/__pycache__/deepseekvl2.cpython-312.pyc': Permission denied
rm: cannot remove '/raid/yilegu/roofline_guided_agent/VibeSimWorkspace/scripts-local/vibesim-analysis-container/iter_opt_eval_k3_kda/trial_3_tree/srt/configs/__pycache__/model_config.cpython-312.pyc': Permission denied
rm: cannot remove '/raid/yilegu/roofline_guided_agent/VibeSimWorkspace/scripts-local/vibesim-analysis-container/iter_opt_eval_k3_kda/trial_3_tree/srt/configs/__pycache__/olmo3.cpython-312.pyc': Permission denied
rm: cannot remove '/raid/yilegu/roofline_guided_agent/VibeSimWorkspace/scripts-local/vibesim-analysis-container/iter_opt_eval_k3_kda/trial_3_tree/srt/configs/__pycache__/device_config.cpython-312.pyc': Permission denied
rm: cannot remove '/raid/yilegu/roofline_guided_agent/VibeSimWorkspace/scripts-local/vibesim-analysis-container/iter_opt_eval_k3_kda/trial_3_tree/srt/configs/__pycache__/kimi_vl.cpython-312.pyc': Permission denied
rm: cannot remove '/raid/yilegu/roofline_guided_agent/VibeSimWorkspace/scripts-local/vibesim-analysis-container/iter_opt_eval_k3_kda/trial_3_tree/srt/configs/__pycache__/linear_attn_model_registry.cpython-312.pyc': Permission denied
rm: cannot remove '/raid/yilegu/roofline_guided_agent/VibeSimWorkspace/scripts-local/vibesim-analysis-container/iter_opt_eval_k3_kda/trial_3_tree/srt/configs/__pycache__/utils.cpython-312.pyc': Permission denied
rm: cannot remove '/raid/yilegu/roofline_guided_agent/VibeSimWorkspace/scripts-local/vibesim-analysis-container/iter_opt_eval_k3_kda/trial_3_tree/srt/configs/__pycache__/load_config.cpython-312.pyc': Permission denied
rm: cannot remove '/raid/yilegu/roofline_guided_agent/VibeSimWorkspace/scripts-local/vibesim-analysis-container/iter_opt_eval_k3_kda/trial_3_tree/srt/configs/__pycache__/nemotron_h.cpython-312.pyc': Permission denied
rm: cannot remove '/raid/yilegu/roofline_guided_agent/VibeSimWorkspace/scripts-local/vibesim-analysis-container/iter_opt_eval_k3_kda/trial_3_tree/srt/configs/__pycache__/mamba2.cpython-312.pyc': Permission denied
rm: cannot remove '/raid/yilegu/roofline_guided_agent/VibeSimWorkspace/scripts-local/vibesim-analysis-container/iter_opt_eval_k3_kda/trial_3_tree/srt/configs/__pycache__/model_config_parser_registry.cpython-312.pyc': Permission denied
rm: cannot remove '/raid/yilegu/roofline_guided_agent/VibeSimWorkspace/scripts-local/vibesim-analysis-container/iter_opt_eval_k3_kda/trial_3_tree/srt/configs/__pycache__/minimax_vl.cpython-312.pyc': Permission denied
rm: cannot remove '/raid/yilegu/roofline_guided_agent/VibeSimWorkspace/scripts-local/vibesim-analysis-container/iter_opt_eval_k3_kda/trial_3_tree/srt/configs/__pycache__/minicpm.cpython-312.pyc': Permission denied
rm: cannot remove '/raid/yilegu/roofline_guided_agent/VibeSimWorkspace/scripts-local/vibesim-analysis-container/iter_opt_eval_k3_kda/trial_3_tree/srt/configs/__pycache__/qwen4_exp.cpython-312.pyc': Permission denied
rm: cannot remove '/raid/yilegu/roofline_guided_agent/VibeSimWorkspace/scripts-local/vibesim-analysis-container/iter_opt_eval_k3_kda/trial_3_tree/srt/configs/__pycache__/interns2_mobius.cpython-312.pyc': Permission denied
rm: cannot remove '/raid/yilegu/roofline_guided_agent/VibeSimWorkspace/scripts-local/vibesim-analysis-container/iter_opt_eval_k3_kda/trial_3_tree/srt/configs/__pycache__/mamba_utils.cpython-312.pyc': Permission denied
rm: cannot remove '/raid/yilegu/roofline_guided_agent/VibeSimWorkspace/scripts-local/vibesim-analysis-container/iter_opt_eval_k3_kda/trial_3_tree/srt/configs/__pycache__/janus_pro.cpython-312.pyc': Permission denied
rm: cannot remove '/raid/yilegu/roofline_guided_agent/VibeSimWorkspace/scripts-local/vibesim-analysis-container/iter_opt_eval_k3_kda/trial_3_tree/srt/configs/__pycache__/qwen3_omni.cpython-312.pyc': Permission denied
rm: cannot remove '/raid/yilegu/roofline_guided_agent/VibeSimWorkspace/scripts-local/vibesim-analysis-container/iter_opt_eval_k3_kda/trial_3_tree/srt/configs/__pycache__/laguna.cpython-312.pyc': Permission denied
rm: cannot remove '/raid/yilegu/roofline_guided_agent/VibeSimWorkspace/scripts-local/vibesim-analysis-container/iter_opt_eval_k3_kda/trial_3_tree/srt/configs/__pycache__/kimi_k3.cpython-312.pyc': Permission denied
rm: cannot remove '/raid/yilegu/roofline_guided_agent/VibeSimWorkspace/scripts-local/vibesim-analysis-container/iter_opt_eval_k3_kda/trial_3_tree/srt/configs/__pycache__/unlimited_ocr.cpython-312.pyc': Permission denied
rm: cannot remove '/raid/yilegu/roofline_guided_agent/VibeSimWorkspace/scripts-local/vibesim-analysis-container/iter_opt_eval_k3_kda/trial_3_tree/srt/configs/__pycache__/radio.cpython-312.pyc': Permission denied
rm: cannot remove '/raid/yilegu/roofline_guided_agent/VibeSimWorkspace/scripts-local/vibesim-analysis-container/iter_opt_eval_k3_kda/trial_3_tree/srt/configs/__pycache__/glm5_next.cpython-312.pyc': Permission denied
rm: cannot remove '/raid/yilegu/roofline_guided_agent/VibeSimWorkspace/scripts-local/vibesim-analysis-container/iter_opt_eval_k3_kda/trial_3_tree/srt/configs/__pycache__/bailing_hybrid.cpython-312.pyc': Permission denied
rm: cannot remove '/raid/yilegu/roofline_guided_agent/VibeSimWorkspace/scripts-local/vibesim-analysis-container/iter_opt_eval_k3_kda/trial_3_tree/srt/configs/__pycache__/dots_ocr.cpython-312.pyc': Permission denied
rm: cannot remove '/raid/yilegu/roofline_guided_agent/VibeSimWorkspace/scripts-local/vibesim-analysis-container/iter_opt_eval_k3_kda/trial_3_tree/srt/configs/__pycache__/qwen3_5.cpython-312.pyc': Permission denied
rm: cannot remove '/raid/yilegu/roofline_guided_agent/VibeSimWorkspace/scripts-local/vibesim-analysis-container/iter_opt_eval_k3_kda/trial_3_tree/srt/configs/__pycache__/jet_nemotron.cpython-312.pyc': Permission denied
rm: cannot remove '/raid/yilegu/roofline_guided_agent/VibeSimWorkspace/scripts-local/vibesim-analysis-container/iter_opt_eval_k3_kda/trial_3_tree/srt/configs/__pycache__/qwen3_asr.cpython-312.pyc': Permission denied
rm: cannot remove '/raid/yilegu/roofline_guided_agent/VibeSimWorkspace/scripts-local/vibesim-analysis-container/iter_opt_eval_k3_kda/trial_3_tree/srt/configs/__pycache__/dots_vlm.cpython-312.pyc': Permission denied
rm: cannot remove '/raid/yilegu/roofline_guided_agent/VibeSimWorkspace/scripts-local/vibesim-analysis-container/iter_opt_eval_k3_kda/trial_3_tree/srt/configs/__pycache__/locate_anything.cpython-312.pyc': Permission denied
rm: cannot remove '/raid/yilegu/roofline_guided_agent/VibeSimWorkspace/scripts-local/vibesim-analysis-container/iter_opt_eval_k3_kda/trial_3_tree/srt/configs/__pycache__/cosmos3.cpython-312.pyc': Permission denied
rm: cannot remove '/raid/yilegu/roofline_guided_agent/VibeSimWorkspace/scripts-local/vibesim-analysis-container/iter_opt_eval_k3_kda/trial_3_tree/srt/configs/__pycache__/lfm2.cpython-312.pyc': Permission denied
rm: cannot remove '/raid/yilegu/roofline_guided_agent/VibeSimWorkspace/scripts-local/vibesim-analysis-container/iter_opt_eval_k3_kda/trial_3_tree/srt/configs/__pycache__/muse_glimmer_processing.cpython-312.pyc': Permission denied
rm: cannot remove '/raid/yilegu/roofline_guided_agent/VibeSimWorkspace/scripts-local/vibesim-analysis-container/iter_opt_eval_k3_kda/trial_3_tree/srt/configs/__pycache__/qwen3_vl.cpython-312.pyc': Permission denied
rm: cannot remove '/raid/yilegu/roofline_guided_agent/VibeSimWorkspace/scripts-local/vibesim-analysis-container/iter_opt_eval_k3_kda/trial_3_tree/srt/configs/__pycache__/falcon_h1.cpython-312.pyc': Permission denied
rm: cannot remove '/raid/yilegu/roofline_guided_agent/VibeSimWorkspace/scripts-local/vibesim-analysis-container/iter_opt_eval_k3_kda/trial_3_tree/srt/configs/__pycache__/step3p5.cpython-312.pyc': Permission denied
rm: cannot remove '/raid/yilegu/roofline_guided_agent/VibeSimWorkspace/scripts-local/vibesim-analysis-container/iter_opt_eval_k3_kda/trial_3_tree/srt/configs/__pycache__/update_config.cpython-312.pyc': Permission denied
rm: cannot remove '/raid/yilegu/roofline_guided_agent/VibeSimWorkspace/scripts-local/vibesim-analysis-container/iter_opt_eval_k3_kda/trial_3_tree/srt/configs/__pycache__/step3_vl.cpython-312.pyc': Permission denied
rm: cannot remove '/raid/yilegu/roofline_guided_agent/VibeSimWorkspace/scripts-local/vibesim-analysis-container/iter_opt_eval_k3_kda/trial_3_tree/srt/configs/__pycache__/exaone.cpython-312.pyc': Permission denied
rm: cannot remove '/raid/yilegu/roofline_guided_agent/VibeSimWorkspace/scripts-local/vibesim-analysis-container/iter_opt_eval_k3_kda/trial_3_tree/srt/configs/__pycache__/mamba.cpython-312.pyc': Permission denied
rm: cannot remove '/raid/yilegu/roofline_guided_agent/VibeSimWorkspace/scripts-local/vibesim-analysis-container/iter_opt_eval_k3_kda/trial_3_tree/srt/configs/__pycache__/nanbeige.cpython-312.pyc': Permission denied
rm: cannot remove '/raid/yilegu/roofline_guided_agent/VibeSimWorkspace/scripts-local/vibesim-analysis-container/iter_opt_eval_k3_kda/trial_3_tree/srt/configs/__pycache__/chatglm.cpython-312.pyc': Permission denied
rm: cannot remove '/raid/yilegu/roofline_guided_agent/VibeSimWorkspace/scripts-local/vibesim-analysis-container/iter_opt_eval_k3_kda/trial_3_tree/srt/configs/__pycache__/deepseek_ocr.cpython-312.pyc': Permission denied
rm: cannot remove '/raid/yilegu/roofline_guided_agent/VibeSimWorkspace/scripts-local/vibesim-analysis-container/iter_opt_eval_k3_kda/trial_3_tree/srt/configs/__pycache__/cohere2_moe.cpython-312.pyc': Permission denied
rm: cannot remove '/raid/yilegu/roofline_guided_agent/VibeSimWorkspace/scripts-local/vibesim-analysis-container/iter_opt_eval_k3_kda/trial_3_tree/srt/configs/__pycache__/step3p7.cpython-312.pyc': Permission denied
rm: cannot remove '/raid/yilegu/roofline_guided_agent/VibeSimWorkspace/scripts-local/vibesim-analysis-container/iter_opt_eval_k3_kda/trial_3_tree/srt/configs/__pycache__/hybrid_arch.cpython-312.pyc': Permission denied
rm: cannot remove '/raid/yilegu/roofline_guided_agent/VibeSimWorkspace/scripts-local/vibesim-analysis-container/iter_opt_eval_k3_kda/trial_3_tree/srt/configs/__pycache__/dbrx.cpython-312.pyc': Permission denied
rm: cannot remove '/raid/yilegu/roofline_guided_agent/VibeSimWorkspace/scripts-local/vibesim-analysis-container/iter_opt_eval_k3_kda/trial_3_tree/srt/configs/__pycache__/interns2preview.cpython-312.pyc': Permission denied
rm: cannot remove '/raid/yilegu/roofline_guided_agent/VibeSimWorkspace/scripts-local/vibesim-analysis-container/iter_opt_eval_k3_kda/trial_3_tree/srt/configs/__pycache__/minicpmv4_6.cpython-312.pyc': Permission denied
rm: cannot remove '/raid/yilegu/roofline_guided_agent/VibeSimWorkspace/scripts-local/vibesim-analysis-container/iter_opt_eval_k3_kda/trial_3_tree/srt/__pycache__/constants.cpython-312.pyc': Permission denied
rm: cannot remove '/raid/yilegu/roofline_guided_agent/VibeSimWorkspace/scripts-local/vibesim-analysis-container/iter_opt_eval_k3_kda/trial_3_tree/srt/__pycache__/environ.cpython-312.pyc': Permission denied
rm: cannot remove '/raid/yilegu/roofline_guided_agent/VibeSimWorkspace/scripts-local/vibesim-analysis-container/iter_opt_eval_k3_kda/trial_3_tree/srt/__pycache__/server_args.cpython-312.pyc': Permission denied
rm: cannot remove '/raid/yilegu/roofline_guided_agent/VibeSimWorkspace/scripts-local/vibesim-analysis-container/iter_opt_eval_k3_kda/trial_3_tree/srt/__pycache__/runtime_context.cpython-312.pyc': Permission denied
rm: cannot remove '/raid/yilegu/roofline_guided_agent/VibeSimWorkspace/scripts-local/vibesim-analysis-container/iter_opt_eval_k3_kda/trial_3_tree/srt/model_executor/runner_utils/__pycache__/__init__.cpython-312.pyc': Permission denied
rm: cannot remove '/raid/yilegu/roofline_guided_agent/VibeSimWorkspace/scripts-local/vibesim-analysis-container/iter_opt_eval_k3_kda/trial_3_tree/srt/model_executor/runner_utils/__pycache__/buffers.cpython-312.pyc': Permission denied
rm: cannot remove '/raid/yilegu/roofline_guided_agent/VibeSimWorkspace/scripts-local/vibesim-analysis-container/iter_opt_eval_k3_kda/trial_3_tree/srt/model_executor/runner_utils/__pycache__/deepep_adapter.cpython-312.pyc': Permission denied
rm: cannot remove '/raid/yilegu/roofline_guided_agent/VibeSimWorkspace/scripts-local/vibesim-analysis-container/iter_opt_eval_k3_kda/trial_3_tree/srt/model_executor/runner_utils/__pycache__/capture_mode.cpython-312.pyc': Permission denied
rm: cannot remove '/raid/yilegu/roofline_guided_agent/VibeSimWorkspace/scripts-local/vibesim-analysis-container/iter_opt_eval_k3_kda/trial_3_tree/srt/model_executor/runner_utils/__pycache__/shared_read_event.cpython-312.pyc': Permission denied
rm: cannot remove '/raid/yilegu/roofline_guided_agent/VibeSimWorkspace/scripts-local/vibesim-analysis-container/iter_opt_eval_k3_kda/trial_3_tree/srt/model_executor/runner_utils/__pycache__/pool.cpython-312.pyc': Permission denied
rm: cannot remove '/raid/yilegu/roofline_guided_agent/VibeSimWorkspace/scripts-local/vibesim-analysis-container/iter_opt_eval_k3_kda/trial_3_tree/srt/model_executor/runner_backend/__pycache__/__init__.cpython-312.pyc': Permission denied
rm: cannot remove '/raid/yilegu/roofline_guided_agent/VibeSimWorkspace/scripts-local/vibesim-analysis-container/iter_opt_eval_k3_kda/trial_3_tree/srt/model_executor/runner_backend/__pycache__/utils.cpython-312.pyc': Permission denied
rm: cannot remove '/raid/yilegu/roofline_guided_agent/VibeSimWorkspace/scripts-local/vibesim-analysis-container/iter_opt_eval_k3_kda/trial_3_tree/srt/model_executor/runner_backend/__pycache__/full_cuda_graph_backend.cpython-312.pyc': Permission denied
rm: cannot remove '/raid/yilegu/roofline_guided_agent/VibeSimWorkspace/scripts-local/vibesim-analysis-container/iter_opt_eval_k3_kda/trial_3_tree/srt/model_executor/runner_backend/__pycache__/base_cuda_graph_backend.cpython-312.pyc': Permission denied
rm: cannot remove '/raid/yilegu/roofline_guided_agent/VibeSimWorkspace/scripts-local/vibesim-analysis-container/iter_opt_eval_k3_kda/trial_3_tree/srt/model_executor/runner_backend/__pycache__/cuda_graph_dedup_mixin.cpython-312.pyc': Permission denied
rm: cannot remove '/raid/yilegu/roofline_guided_agent/VibeSimWorkspace/scripts-local/vibesim-analysis-container/iter_opt_eval_k3_kda/trial_3_tree/srt/model_executor/runner_backend/__pycache__/tc_piecewise_cuda_graph_backend.cpython-312.pyc': Permission denied
rm: cannot remove '/raid/yilegu/roofline_guided_agent/VibeSimWorkspace/scripts-local/vibesim-analysis-container/iter_opt_eval_k3_kda/trial_3_tree/srt/model_executor/runner_backend/__pycache__/breakable_cuda_graph_backend.cpython-312.pyc': Permission denied
rm: cannot remove '/raid/yilegu/roofline_guided_agent/VibeSimWorkspace/scripts-local/vibesim-analysis-container/iter_opt_eval_k3_kda/trial_3_tree/srt/model_executor/__pycache__/graph_memory_usage.cpython-312.pyc': Permission denied
rm: cannot remove '/raid/yilegu/roofline_guided_agent/VibeSimWorkspace/scripts-local/vibesim-analysis-container/iter_opt_eval_k3_kda/trial_3_tree/srt/model_executor/__pycache__/hook_manager.cpython-312.pyc': Permission denied
rm: cannot remove '/raid/yilegu/roofline_guided_agent/VibeSimWorkspace/scripts-local/vibesim-analysis-container/iter_opt_eval_k3_kda/trial_3_tree/srt/model_executor/__pycache__/forward_batch_info.cpython-312.pyc': Permission denied
rm: cannot remove '/raid/yilegu/roofline_guided_agent/VibeSimWorkspace/scripts-local/vibesim-analysis-container/iter_opt_eval_k3_kda/trial_3_tree/srt/model_executor/__pycache__/input_buffers.cpython-312.pyc': Permission denied
rm: cannot remove '/raid/yilegu/roofline_guided_agent/VibeSimWorkspace/scripts-local/vibesim-analysis-container/iter_opt_eval_k3_kda/trial_3_tree/srt/model_executor/__pycache__/forward_batch_deepseek_mha_mixin.cpython-312.pyc': Permission denied
rm: cannot remove '/raid/yilegu/roofline_guided_agent/VibeSimWorkspace/scripts-local/vibesim-analysis-container/iter_opt_eval_k3_kda/trial_3_tree/srt/model_executor/__pycache__/cuda_graph_buffer_registry.cpython-312.pyc': Permission denied
rm: cannot remove '/raid/yilegu/roofline_guided_agent/VibeSimWorkspace/scripts-local/vibesim-analysis-container/iter_opt_eval_k3_kda/trial_3_tree/srt/model_executor/__pycache__/graph_shared_output.cpython-312.pyc': Permission denied
rm: cannot remove '/raid/yilegu/roofline_guided_agent/VibeSimWorkspace/scripts-local/vibesim-analysis-container/iter_opt_eval_k3_kda/trial_3_tree/srt/model_executor/__pycache__/pool_configurator.cpython-312.pyc': Permission denied
rm: cannot remove '/raid/yilegu/roofline_guided_agent/VibeSimWorkspace/scripts-local/vibesim-analysis-container/iter_opt_eval_k3_kda/trial_3_tree/srt/model_executor/__pycache__/cuda_graph_config.cpython-312.pyc': Permission denied
rm: cannot remove '/raid/yilegu/roofline_guided_agent/VibeSimWorkspace/scripts-local/vibesim-analysis-container/iter_opt_eval_k3_kda/trial_3_tree/srt/model_executor/__pycache__/forward_context.cpython-312.pyc': Permission denied
rm: cannot remove '/raid/yilegu/roofline_guided_agent/VibeSimWorkspace/scripts-local/vibesim-analysis-container/iter_opt_eval_k3_kda/trial_3_tree/srt/model_executor/__pycache__/model_runner.cpython-312.pyc': Permission denied
rm: cannot remove '/raid/yilegu/roofline_guided_agent/VibeSimWorkspace/scripts-local/vibesim-analysis-container/iter_opt_eval_k3_kda/trial_3_tree/srt/model_executor/__pycache__/cpu_graph_runner.cpython-312.pyc': Permission denied
rm: cannot remove '/raid/yilegu/roofline_guided_agent/VibeSimWorkspace/scripts-local/vibesim-analysis-container/iter_opt_eval_k3_kda/trial_3_tree/srt/model_executor/__pycache__/step_span_utils.cpython-312.pyc': Permission denied
rm: cannot remove '/raid/yilegu/roofline_guided_agent/VibeSimWorkspace/scripts-local/vibesim-analysis-container/iter_opt_eval_k3_kda/trial_3_tree/srt/model_executor/model_runner_components/__pycache__/spec_aux_hidden_state.cpython-312.pyc': Permission denied
rm: cannot remove '/raid/yilegu/roofline_guided_agent/VibeSimWorkspace/scripts-local/vibesim-analysis-container/iter_opt_eval_k3_kda/trial_3_tree/srt/model_executor/model_runner_components/__pycache__/attention_backend_setup.cpython-312.pyc': Permission denied
rm: cannot remove '/raid/yilegu/roofline_guided_agent/VibeSimWorkspace/scripts-local/vibesim-analysis-container/iter_opt_eval_k3_kda/trial_3_tree/srt/model_executor/model_runner_components/__pycache__/__init__.cpython-312.pyc': Permission denied
rm: cannot remove '/raid/yilegu/roofline_guided_agent/VibeSimWorkspace/scripts-local/vibesim-analysis-container/iter_opt_eval_k3_kda/trial_3_tree/srt/model_executor/model_runner_components/__pycache__/moe_ep_setup.cpython-312.pyc': Permission denied
rm: cannot remove '/raid/yilegu/roofline_guided_agent/VibeSimWorkspace/scripts-local/vibesim-analysis-container/iter_opt_eval_k3_kda/trial_3_tree/srt/model_executor/model_runner_components/__pycache__/weight_updater.cpython-312.pyc': Permission denied
rm: cannot remove '/raid/yilegu/roofline_guided_agent/VibeSimWorkspace/scripts-local/vibesim-analysis-container/iter_opt_eval_k3_kda/trial_3_tree/srt/model_executor/model_runner_components/__pycache__/layer_setup.cpython-312.pyc': Permission denied
rm: cannot remove '/raid/yilegu/roofline_guided_agent/VibeSimWorkspace/scripts-local/vibesim-analysis-container/iter_opt_eval_k3_kda/trial_3_tree/srt/model_executor/model_runner_components/__pycache__/load_model_utils.cpython-312.pyc': Permission denied
rm: cannot remove '/raid/yilegu/roofline_guided_agent/VibeSimWorkspace/scripts-local/vibesim-analysis-container/iter_opt_eval_k3_kda/trial_3_tree/srt/model_executor/model_runner_components/__pycache__/ngram_embedding_manager.cpython-312.pyc': Permission denied
rm: cannot remove '/raid/yilegu/roofline_guided_agent/VibeSimWorkspace/scripts-local/vibesim-analysis-container/iter_opt_eval_k3_kda/trial_3_tree/srt/model_executor/model_runner_components/__pycache__/cuda_graph_setup.cpython-312.pyc': Permission denied
rm: cannot remove '/raid/yilegu/roofline_guided_agent/VibeSimWorkspace/scripts-local/vibesim-analysis-container/iter_opt_eval_k3_kda/trial_3_tree/srt/model_executor/model_runner_components/__pycache__/weight_exporter.cpython-312.pyc': Permission denied
rm: cannot remove '/raid/yilegu/roofline_guided_agent/VibeSimWorkspace/scripts-local/vibesim-analysis-container/iter_opt_eval_k3_kda/trial_3_tree/srt/model_executor/model_runner_components/__pycache__/kv_pool_runtime.cpython-312.pyc': Permission denied
rm: cannot remove '/raid/yilegu/roofline_guided_agent/VibeSimWorkspace/scripts-local/vibesim-analysis-container/iter_opt_eval_k3_kda/trial_3_tree/srt/model_executor/model_runner_components/__pycache__/remote_instance_weight_transporter.cpython-312.pyc': Permission denied
rm: cannot remove '/raid/yilegu/roofline_guided_agent/VibeSimWorkspace/scripts-local/vibesim-analysis-container/iter_opt_eval_k3_kda/trial_3_tree/srt/model_executor/model_runner_components/__pycache__/misc_utils.cpython-312.pyc': Permission denied
rm: cannot remove '/raid/yilegu/roofline_guided_agent/VibeSimWorkspace/scripts-local/vibesim-analysis-container/iter_opt_eval_k3_kda/trial_3_tree/srt/model_executor/runner_backend_utils/__pycache__/__init__.cpython-312.pyc': Permission denied
rm: cannot remove '/raid/yilegu/roofline_guided_agent/VibeSimWorkspace/scripts-local/vibesim-analysis-container/iter_opt_eval_k3_kda/trial_3_tree/srt/model_executor/runner_backend_utils/breakable_cuda_graph/__pycache__/breakable_cuda_graph.cpython-312.pyc': Permission denied
rm: cannot remove '/raid/yilegu/roofline_guided_agent/VibeSimWorkspace/scripts-local/vibesim-analysis-container/iter_opt_eval_k3_kda/trial_3_tree/srt/model_executor/runner_backend_utils/breakable_cuda_graph/__pycache__/__init__.cpython-312.pyc': Permission denied
rm: cannot remove '/raid/yilegu/roofline_guided_agent/VibeSimWorkspace/scripts-local/vibesim-analysis-container/iter_opt_eval_k3_kda/trial_3_tree/srt/model_executor/runner_backend_utils/breakable_cuda_graph/__pycache__/cuda_utils.cpython-312.pyc': Permission denied
rm: cannot remove '/raid/yilegu/roofline_guided_agent/VibeSimWorkspace/scripts-local/vibesim-analysis-container/iter_opt_eval_k3_kda/trial_3_tree/srt/model_executor/runner_backend_utils/breakable_cuda_graph/__pycache__/context.cpython-312.pyc': Permission denied
rm: cannot remove '/raid/yilegu/roofline_guided_agent/VibeSimWorkspace/scripts-local/vibesim-analysis-container/iter_opt_eval_k3_kda/trial_3_tree/srt/model_executor/runner_backend_utils/tc_piecewise_cuda_graph/__pycache__/__init__.cpython-312.pyc': Permission denied
rm: cannot remove '/raid/yilegu/roofline_guided_agent/VibeSimWorkspace/scripts-local/vibesim-analysis-container/iter_opt_eval_k3_kda/trial_3_tree/srt/model_executor/runner_backend_utils/tc_piecewise_cuda_graph/__pycache__/context_manager.cpython-312.pyc': Permission denied
rm: cannot remove '/raid/yilegu/roofline_guided_agent/VibeSimWorkspace/scripts-local/vibesim-analysis-container/iter_opt_eval_k3_kda/trial_3_tree/srt/model_executor/runner/__pycache__/base_runner.cpython-312.pyc': Permission denied
rm: cannot remove '/raid/yilegu/roofline_guided_agent/VibeSimWorkspace/scripts-local/vibesim-analysis-container/iter_opt_eval_k3_kda/trial_3_tree/srt/model_executor/runner/__pycache__/metadata_glue_graph.cpython-312.pyc': Permission denied
rm: cannot remove '/raid/yilegu/roofline_guided_agent/VibeSimWorkspace/scripts-local/vibesim-analysis-container/iter_opt_eval_k3_kda/trial_3_tree/srt/model_executor/runner/__pycache__/flashinfer_autotune.cpython-312.pyc': Permission denied
rm: cannot remove '/raid/yilegu/roofline_guided_agent/VibeSimWorkspace/scripts-local/vibesim-analysis-container/iter_opt_eval_k3_kda/trial_3_tree/srt/model_executor/runner/__pycache__/__init__.cpython-312.pyc': Permission denied
rm: cannot remove '/raid/yilegu/roofline_guided_agent/VibeSimWorkspace/scripts-local/vibesim-analysis-container/iter_opt_eval_k3_kda/trial_3_tree/srt/model_executor/runner/__pycache__/shape_key.cpython-312.pyc': Permission denied
rm: cannot remove '/raid/yilegu/roofline_guided_agent/VibeSimWorkspace/scripts-local/vibesim-analysis-container/iter_opt_eval_k3_kda/trial_3_tree/srt/model_executor/runner/__pycache__/eager_runner.cpython-312.pyc': Permission denied
rm: cannot remove '/raid/yilegu/roofline_guided_agent/VibeSimWorkspace/scripts-local/vibesim-analysis-container/iter_opt_eval_k3_kda/trial_3_tree/srt/model_executor/runner/__pycache__/base_cuda_graph_runner.cpython-312.pyc': Permission denied
rm: cannot remove '/raid/yilegu/roofline_guided_agent/VibeSimWorkspace/scripts-local/vibesim-analysis-container/iter_opt_eval_k3_kda/trial_3_tree/srt/model_executor/runner/__pycache__/prefill_cuda_graph_runner.cpython-312.pyc': Permission denied
rm: cannot remove '/raid/yilegu/roofline_guided_agent/VibeSimWorkspace/scripts-local/vibesim-analysis-container/iter_opt_eval_k3_kda/trial_3_tree/srt/model_executor/runner/__pycache__/decode_cuda_graph_runner.cpython-312.pyc': Permission denied
rm: cannot remove '/raid/yilegu/roofline_guided_agent/VibeSimWorkspace/scripts-local/vibesim-analysis-container/iter_opt_eval_k3_kda/trial_3_tree/srt/constrained/__pycache__/base_grammar_backend.cpython-312.pyc': Permission denied
rm: cannot remove '/raid/yilegu/roofline_guided_agent/VibeSimWorkspace/scripts-local/vibesim-analysis-container/iter_opt_eval_k3_kda/trial_3_tree/srt/eplb/__pycache__/expert_location_dispatch.cpython-312.pyc': Permission denied
rm: cannot remove '/raid/yilegu/roofline_guided_agent/VibeSimWorkspace/scripts-local/vibesim-analysis-container/iter_opt_eval_k3_kda/trial_3_tree/srt/eplb/__pycache__/expert_location_updater.cpython-312.pyc': Permission denied
rm: cannot remove '/raid/yilegu/roofline_guided_agent/VibeSimWorkspace/scripts-local/vibesim-analysis-container/iter_opt_eval_k3_kda/trial_3_tree/srt/eplb/__pycache__/__init__.cpython-312.pyc': Permission denied
rm: cannot remove '/raid/yilegu/roofline_guided_agent/VibeSimWorkspace/scripts-local/vibesim-analysis-container/iter_opt_eval_k3_kda/trial_3_tree/srt/eplb/__pycache__/eplb_manager.cpython-312.pyc': Permission denied
rm: cannot remove '/raid/yilegu/roofline_guided_agent/VibeSimWorkspace/scripts-local/vibesim-analysis-container/iter_opt_eval_k3_kda/trial_3_tree/srt/eplb/__pycache__/expert_location.cpython-312.pyc': Permission denied
rm: cannot remove '/raid/yilegu/roofline_guided_agent/VibeSimWorkspace/scripts-local/vibesim-analysis-container/iter_opt_eval_k3_kda/trial_3_tree/srt/eplb/__pycache__/expert_distribution.cpython-312.pyc': Permission denied
rm: cannot remove '/raid/yilegu/roofline_guided_agent/VibeSimWorkspace/scripts-local/vibesim-analysis-container/iter_opt_eval_k3_kda/trial_3_tree/srt/eplb/__pycache__/lplb_solver.cpython-312.pyc': Permission denied
rm: cannot remove '/raid/yilegu/roofline_guided_agent/VibeSimWorkspace/scripts-local/vibesim-analysis-container/iter_opt_eval_k3_kda/trial_3_tree/srt/distributed/device_communicators/configs/__pycache__/custom_all_reduce_v2.cpython-312.pyc': Permission denied
rm: cannot remove '/raid/yilegu/roofline_guided_agent/VibeSimWorkspace/scripts-local/vibesim-analysis-container/iter_opt_eval_k3_kda/trial_3_tree/srt/distributed/device_communicators/configs/__pycache__/__init__.cpython-312.pyc': Permission denied
rm: cannot remove '/raid/yilegu/roofline_guided_agent/VibeSimWorkspace/scripts-local/vibesim-analysis-container/iter_opt_eval_k3_kda/trial_3_tree/srt/distributed/device_communicators/__pycache__/custom_all_reduce_v2.cpython-312.pyc': Permission denied
rm: cannot remove '/raid/yilegu/roofline_guided_agent/VibeSimWorkspace/scripts-local/vibesim-analysis-container/iter_opt_eval_k3_kda/trial_3_tree/srt/distributed/device_communicators/__pycache__/pynccl_wrapper.cpython-312.pyc': Permission denied
rm: cannot remove '/raid/yilegu/roofline_guided_agent/VibeSimWorkspace/scripts-local/vibesim-analysis-container/iter_opt_eval_k3_kda/trial_3_tree/srt/distributed/device_communicators/__pycache__/xpu_communicator.cpython-312.pyc': Permission denied
rm: cannot remove '/raid/yilegu/roofline_guided_agent/VibeSimWorkspace/scripts-local/vibesim-analysis-container/iter_opt_eval_k3_kda/trial_3_tree/srt/distributed/device_communicators/__pycache__/npu_communicator.cpython-312.pyc': Permission denied
rm: cannot remove '/raid/yilegu/roofline_guided_agent/VibeSimWorkspace/scripts-local/vibesim-analysis-container/iter_opt_eval_k3_kda/trial_3_tree/srt/distributed/device_communicators/__pycache__/mooncake_transfer_engine.cpython-312.pyc': Permission denied
rm: cannot remove '/raid/yilegu/roofline_guided_agent/VibeSimWorkspace/scripts-local/vibesim-analysis-container/iter_opt_eval_k3_kda/trial_3_tree/srt/distributed/device_communicators/__pycache__/shm_broadcast.cpython-312.pyc': Permission denied
rm: cannot remove '/raid/yilegu/roofline_guided_agent/VibeSimWorkspace/scripts-local/vibesim-analysis-container/iter_opt_eval_k3_kda/trial_3_tree/srt/distributed/device_communicators/__pycache__/torch_symm_mem.cpython-312.pyc': Permission denied
rm: cannot remove '/raid/yilegu/roofline_guided_agent/VibeSimWorkspace/scripts-local/vibesim-analysis-container/iter_opt_eval_k3_kda/trial_3_tree/srt/distributed/device_communicators/__pycache__/triton_symm_mem_ag.cpython-312.pyc': Permission denied
rm: cannot remove '/raid/yilegu/roofline_guided_agent/VibeSimWorkspace/scripts-local/vibesim-analysis-container/iter_opt_eval_k3_kda/trial_3_tree/srt/distributed/device_communicators/__pycache__/all_reduce_utils.cpython-312.pyc': Permission denied
rm: cannot remove '/raid/yilegu/roofline_guided_agent/VibeSimWorkspace/scripts-local/vibesim-analysis-container/iter_opt_eval_k3_kda/trial_3_tree/srt/distributed/device_communicators/__pycache__/cuda_wrapper.cpython-312.pyc': Permission denied
rm: cannot remove '/raid/yilegu/roofline_guided_agent/VibeSimWorkspace/scripts-local/vibesim-analysis-container/iter_opt_eval_k3_kda/trial_3_tree/srt/distributed/device_communicators/__pycache__/custom_all_reduce_ops.cpython-312.pyc': Permission denied
rm: cannot remove '/raid/yilegu/roofline_guided_agent/VibeSimWorkspace/scripts-local/vibesim-analysis-container/iter_opt_eval_k3_kda/trial_3_tree/srt/distributed/device_communicators/__pycache__/custom_all_reduce.cpython-312.pyc': Permission denied
rm: cannot remove '/raid/yilegu/roofline_guided_agent/VibeSimWorkspace/scripts-local/vibesim-analysis-container/iter_opt_eval_k3_kda/trial_3_tree/srt/distributed/device_communicators/__pycache__/pynccl_allocator.cpython-312.pyc': Permission denied
rm: cannot remove '/raid/yilegu/roofline_guided_agent/VibeSimWorkspace/scripts-local/vibesim-analysis-container/iter_opt_eval_k3_kda/trial_3_tree/srt/distributed/device_communicators/__pycache__/pynccl.cpython-312.pyc': Permission denied
rm: cannot remove '/raid/yilegu/roofline_guided_agent/VibeSimWorkspace/scripts-local/vibesim-analysis-container/iter_opt_eval_k3_kda/trial_3_tree/srt/distributed/device_communicators/__pycache__/custom_all_reduce_utils.cpython-312.pyc': Permission denied
rm: cannot remove '/raid/yilegu/roofline_guided_agent/VibeSimWorkspace/scripts-local/vibesim-analysis-container/iter_opt_eval_k3_kda/trial_3_tree/srt/distributed/device_communicators/__pycache__/hpu_communicator.cpython-312.pyc': Permission denied
rm: cannot remove '/raid/yilegu/roofline_guided_agent/VibeSimWorkspace/scripts-local/vibesim-analysis-container/iter_opt_eval_k3_kda/trial_3_tree/srt/distributed/device_communicators/__pycache__/pymscclpp.cpython-312.pyc': Permission denied
rm: cannot remove '/raid/yilegu/roofline_guided_agent/VibeSimWorkspace/scripts-local/vibesim-analysis-container/iter_opt_eval_k3_kda/trial_3_tree/srt/distributed/__pycache__/communication_op.cpython-312.pyc': Permission denied
rm: cannot remove '/raid/yilegu/roofline_guided_agent/VibeSimWorkspace/scripts-local/vibesim-analysis-container/iter_opt_eval_k3_kda/trial_3_tree/srt/distributed/__pycache__/__init__.cpython-312.pyc': Permission denied
rm: cannot remove '/raid/yilegu/roofline_guided_agent/VibeSimWorkspace/scripts-local/vibesim-analysis-container/iter_opt_eval_k3_kda/trial_3_tree/srt/distributed/__pycache__/naive_distributed.cpython-312.pyc': Permission denied
rm: cannot remove '/raid/yilegu/roofline_guided_agent/VibeSimWorkspace/scripts-local/vibesim-analysis-container/iter_opt_eval_k3_kda/trial_3_tree/srt/distributed/__pycache__/utils.cpython-312.pyc': Permission denied
rm: cannot remove '/raid/yilegu/roofline_guided_agent/VibeSimWorkspace/scripts-local/vibesim-analysis-container/iter_opt_eval_k3_kda/trial_3_tree/srt/distributed/__pycache__/bootstrap.cpython-312.pyc': Permission denied
rm: cannot remove '/raid/yilegu/roofline_guided_agent/VibeSimWorkspace/scripts-local/vibesim-analysis-container/iter_opt_eval_k3_kda/trial_3_tree/srt/distributed/__pycache__/parallel_state.cpython-312.pyc': Permission denied
rm: cannot remove '/raid/yilegu/roofline_guided_agent/VibeSimWorkspace/scripts-local/vibesim-analysis-container/iter_opt_eval_k3_kda/trial_3_tree/srt/distributed/__pycache__/communication_tags.cpython-312.pyc': Permission denied
rm: cannot remove '/raid/yilegu/roofline_guided_agent/VibeSimWorkspace/scripts-local/vibesim-analysis-container/iter_opt_eval_k3_kda/trial_3_tree/srt/distributed/__pycache__/gated_launch.cpython-312.pyc': Permission denied
rm: cannot remove '/raid/yilegu/roofline_guided_agent/VibeSimWorkspace/scripts-local/vibesim-analysis-container/iter_opt_eval_k3_kda/trial_3_tree/srt/distributed/__pycache__/parallel_state_wrapper.cpython-312.pyc': Permission denied
rm: cannot remove '/raid/yilegu/roofline_guided_agent/VibeSimWorkspace/scripts-local/vibesim-analysis-container/iter_opt_eval_k3_kda/trial_3_tree/srt/debug_utils/__pycache__/tensor_dump_forward_hook.cpython-312.pyc': Permission denied
rm: cannot remove '/raid/yilegu/roofline_guided_agent/VibeSimWorkspace/scripts-local/vibesim-analysis-container/iter_opt_eval_k3_kda/trial_3_tree/srt/debug_utils/__pycache__/__init__.cpython-312.pyc': Permission denied
rm: cannot remove '/raid/yilegu/roofline_guided_agent/VibeSimWorkspace/scripts-local/vibesim-analysis-container/iter_opt_eval_k3_kda/trial_3_tree/srt/debug_utils/__pycache__/dumper.cpython-312.pyc': Permission denied
rm: cannot remove '/raid/yilegu/roofline_guided_agent/VibeSimWorkspace/scripts-local/vibesim-analysis-container/iter_opt_eval_k3_kda/trial_3_tree/srt/speculative/__pycache__/eagle_utils.cpython-312.pyc': Permission denied
rm: cannot remove '/raid/yilegu/roofline_guided_agent/VibeSimWorkspace/scripts-local/vibesim-analysis-container/iter_opt_eval_k3_kda/trial_3_tree/srt/speculative/__pycache__/spec_info.cpython-312.pyc': Permission denied
rm: cannot remove '/raid/yilegu/roofline_guided_agent/VibeSimWorkspace/scripts-local/vibesim-analysis-container/iter_opt_eval_k3_kda/trial_3_tree/srt/speculative/__pycache__/decoupled_spec_io.cpython-312.pyc': Permission denied
rm: cannot remove '/raid/yilegu/roofline_guided_agent/VibeSimWorkspace/scripts-local/vibesim-analysis-container/iter_opt_eval_k3_kda/trial_3_tree/srt/speculative/__pycache__/spec_utils.cpython-312.pyc': Permission denied
rm: cannot remove '/raid/yilegu/roofline_guided_agent/VibeSimWorkspace/scripts-local/vibesim-analysis-container/iter_opt_eval_k3_kda/trial_3_tree/srt/speculative/__pycache__/adaptive_spec_params.cpython-312.pyc': Permission denied
rm: cannot remove '/raid/yilegu/roofline_guided_agent/VibeSimWorkspace/scripts-local/vibesim-analysis-container/iter_opt_eval_k3_kda/trial_3_tree/srt/speculative/__pycache__/spec_registry.cpython-312.pyc': Permission denied
rm: cannot remove '/raid/yilegu/roofline_guided_agent/VibeSimWorkspace/scripts-local/vibesim-analysis-container/iter_opt_eval_k3_kda/trial_3_tree/srt/speculative/__pycache__/ragged_verify.cpython-312.pyc': Permission denied
rm: cannot remove '/raid/yilegu/roofline_guided_agent/VibeSimWorkspace/scripts-local/vibesim-analysis-container/iter_opt_eval_k3_kda/trial_3_tree/srt/speculative/__pycache__/eagle_info.cpython-312.pyc': Permission denied
rm: cannot remove '/raid/yilegu/roofline_guided_agent/VibeSimWorkspace/scripts-local/vibesim-analysis-container/iter_opt_eval_k3_kda/trial_3_tree/srt/batch_overlap/__pycache__/single_batch_overlap.cpython-312.pyc': Permission denied
rm: cannot remove '/raid/yilegu/roofline_guided_agent/VibeSimWorkspace/scripts-local/vibesim-analysis-container/iter_opt_eval_k3_kda/trial_3_tree/srt/batch_overlap/__pycache__/operations_strategy.cpython-312.pyc': Permission denied
rm: cannot remove '/raid/yilegu/roofline_guided_agent/VibeSimWorkspace/scripts-local/vibesim-analysis-container/iter_opt_eval_k3_kda/trial_3_tree/srt/batch_overlap/__pycache__/operations.cpython-312.pyc': Permission denied
rm: cannot remove '/raid/yilegu/roofline_guided_agent/VibeSimWorkspace/scripts-local/vibesim-analysis-container/iter_opt_eval_k3_kda/trial_3_tree/srt/batch_overlap/__pycache__/two_batch_overlap.cpython-312.pyc': Permission denied
rm: cannot remove '/raid/yilegu/roofline_guided_agent/VibeSimWorkspace/scripts-local/vibesim-analysis-container/iter_opt_eval_k3_kda/trial_3_tree/srt/connector/__pycache__/s3.cpython-312.pyc': Permission denied
rm: cannot remove '/raid/yilegu/roofline_guided_agent/VibeSimWorkspace/scripts-local/vibesim-analysis-container/iter_opt_eval_k3_kda/trial_3_tree/srt/connector/__pycache__/__init__.cpython-312.pyc': Permission denied
rm: cannot remove '/raid/yilegu/roofline_guided_agent/VibeSimWorkspace/scripts-local/vibesim-analysis-container/iter_opt_eval_k3_kda/trial_3_tree/srt/connector/__pycache__/utils.cpython-312.pyc': Permission denied
rm: cannot remove '/raid/yilegu/roofline_guided_agent/VibeSimWorkspace/scripts-local/vibesim-analysis-container/iter_opt_eval_k3_kda/trial_3_tree/srt/connector/__pycache__/base_connector.cpython-312.pyc': Permission denied
rm: cannot remove '/raid/yilegu/roofline_guided_agent/VibeSimWorkspace/scripts-local/vibesim-analysis-container/iter_opt_eval_k3_kda/trial_3_tree/srt/connector/__pycache__/redis.cpython-312.pyc': Permission denied
rm: cannot remove '/raid/yilegu/roofline_guided_agent/VibeSimWorkspace/scripts-local/vibesim-analysis-container/iter_opt_eval_k3_kda/trial_3_tree/srt/connector/__pycache__/remote_instance.cpython-312.pyc': Permission denied
rm: cannot remove '/raid/yilegu/roofline_guided_agent/VibeSimWorkspace/scripts-local/vibesim-analysis-container/iter_opt_eval_k3_kda/trial_3_tree/srt/connector/serde/__pycache__/__init__.cpython-312.pyc': Permission denied
rm: cannot remove '/raid/yilegu/roofline_guided_agent/VibeSimWorkspace/scripts-local/vibesim-analysis-container/iter_opt_eval_k3_kda/trial_3_tree/srt/connector/serde/__pycache__/serde.cpython-312.pyc': Permission denied
rm: cannot remove '/raid/yilegu/roofline_guided_agent/VibeSimWorkspace/scripts-local/vibesim-analysis-container/iter_opt_eval_k3_kda/trial_3_tree/srt/connector/serde/__pycache__/safe_serde.cpython-312.pyc': Permission denied
rm: cannot remove '/raid/yilegu/roofline_guided_agent/VibeSimWorkspace/scripts-local/vibesim-analysis-container/iter_opt_eval_k3_kda/trial_3_tree/srt/models/deepseek_common/__pycache__/__init__.cpython-312.pyc': Permission denied
rm: cannot remove '/raid/yilegu/roofline_guided_agent/VibeSimWorkspace/scripts-local/vibesim-analysis-container/iter_opt_eval_k3_kda/trial_3_tree/srt/models/deepseek_common/__pycache__/utils.cpython-312.pyc': Permission denied
rm: cannot remove '/raid/yilegu/roofline_guided_agent/VibeSimWorkspace/scripts-local/vibesim-analysis-container/iter_opt_eval_k3_kda/trial_3_tree/srt/models/deepseek_common/__pycache__/deepseek_weight_loader.cpython-312.pyc': Permission denied
rm: cannot remove '/raid/yilegu/roofline_guided_agent/VibeSimWorkspace/scripts-local/vibesim-analysis-container/iter_opt_eval_k3_kda/trial_3_tree/srt/models/deepseek_common/__pycache__/attention_backend_handler.cpython-312.pyc': Permission denied
rm: cannot remove '/raid/yilegu/roofline_guided_agent/VibeSimWorkspace/scripts-local/vibesim-analysis-container/iter_opt_eval_k3_kda/trial_3_tree/srt/models/deepseek_common/attention_forward_methods/__pycache__/forward_mla_fused_rope_rocm.cpython-312.pyc': Permission denied
rm: cannot remove '/raid/yilegu/roofline_guided_agent/VibeSimWorkspace/scripts-local/vibesim-analysis-container/iter_opt_eval_k3_kda/trial_3_tree/srt/models/deepseek_common/attention_forward_methods/__pycache__/__init__.cpython-312.pyc': Permission denied
rm: cannot remove '/raid/yilegu/roofline_guided_agent/VibeSimWorkspace/scripts-local/vibesim-analysis-container/iter_opt_eval_k3_kda/trial_3_tree/srt/models/deepseek_common/attention_forward_methods/__pycache__/forward_mha_rocm.cpython-312.pyc': Permission denied
rm: cannot remove '/raid/yilegu/roofline_guided_agent/VibeSimWorkspace/scripts-local/vibesim-analysis-container/iter_opt_eval_k3_kda/trial_3_tree/srt/models/deepseek_common/attention_forward_methods/__pycache__/forward_mla_rocm.cpython-312.pyc': Permission denied
rm: cannot remove '/raid/yilegu/roofline_guided_agent/VibeSimWorkspace/scripts-local/vibesim-analysis-container/iter_opt_eval_k3_kda/trial_3_tree/srt/models/deepseek_common/attention_forward_methods/__pycache__/forward_mla_fused_rope_cpu.cpython-312.pyc': Permission denied
rm: cannot remove '/raid/yilegu/roofline_guided_agent/VibeSimWorkspace/scripts-local/vibesim-analysis-container/iter_opt_eval_k3_kda/trial_3_tree/srt/models/deepseek_common/attention_forward_methods/__pycache__/forward_mla.cpython-312.pyc': Permission denied
rm: cannot remove '/raid/yilegu/roofline_guided_agent/VibeSimWorkspace/scripts-local/vibesim-analysis-container/iter_opt_eval_k3_kda/trial_3_tree/srt/models/deepseek_common/attention_forward_methods/__pycache__/forward_mha.cpython-312.pyc': Permission denied
rm: cannot remove '/raid/yilegu/roofline_guided_agent/VibeSimWorkspace/scripts-local/vibesim-analysis-container/iter_opt_eval_k3_kda/trial_3_tree/srt/models/deepseek_common/attention_forward_methods/__pycache__/forward_methods.cpython-312.pyc': Permission denied
rm: cannot remove '/raid/yilegu/roofline_guided_agent/VibeSimWorkspace/scripts-local/vibesim-analysis-container/iter_opt_eval_k3_kda/trial_3_tree/srt/models/__pycache__/kimi_k3_vl.cpython-312.pyc': Permission denied
rm: cannot remove '/raid/yilegu/roofline_guided_agent/VibeSimWorkspace/scripts-local/vibesim-analysis-container/iter_opt_eval_k3_kda/trial_3_tree/srt/models/__pycache__/kimi_vl_moonvit.cpython-312.pyc': Permission denied
rm: cannot remove '/raid/yilegu/roofline_guided_agent/VibeSimWorkspace/scripts-local/vibesim-analysis-container/iter_opt_eval_k3_kda/trial_3_tree/srt/models/__pycache__/utils.cpython-312.pyc': Permission denied
rm: cannot remove '/raid/yilegu/roofline_guided_agent/VibeSimWorkspace/scripts-local/vibesim-analysis-container/iter_opt_eval_k3_kda/trial_3_tree/srt/models/__pycache__/kimi_k3.cpython-312.pyc': Permission denied
rm: cannot remove '/raid/yilegu/roofline_guided_agent/VibeSimWorkspace/scripts-local/vibesim-analysis-container/iter_opt_eval_k3_kda/trial_3_tree/srt/models/__pycache__/deepseek_v2.cpython-312.pyc': Permission denied
rm: cannot remove '/raid/yilegu/roofline_guided_agent/VibeSimWorkspace/scripts-local/vibesim-analysis-container/iter_opt_eval_k3_kda/trial_3_tree/srt/models/__pycache__/transformers.cpython-312.pyc': Permission denied
rm: cannot remove '/raid/yilegu/roofline_guided_agent/VibeSimWorkspace/scripts-local/vibesim-analysis-container/iter_opt_eval_k3_kda/trial_3_tree/srt/dllm/__pycache__/config.cpython-312.pyc': Permission denied
rm: cannot remove '/raid/yilegu/roofline_guided_agent/VibeSimWorkspace/scripts-local/vibesim-analysis-container/iter_opt_eval_k3_kda/trial_3_tree/srt/dllm/mixin/__pycache__/req.cpython-312.pyc': Permission denied
rm: cannot remove '/raid/yilegu/roofline_guided_agent/VibeSimWorkspace/scripts-local/vibesim-analysis-container/iter_opt_eval_k3_kda/trial_3_tree/srt/entrypoints/openai/__pycache__/protocol.cpython-312.pyc': Permission denied
rm: cannot remove '/raid/yilegu/roofline_guided_agent/VibeSimWorkspace/scripts-local/vibesim-analysis-container/iter_opt_eval_k3_kda/trial_3_tree/srt/entrypoints/openai/__pycache__/__init__.cpython-312.pyc': Permission denied
rm: cannot remove '/raid/yilegu/roofline_guided_agent/VibeSimWorkspace/scripts-local/vibesim-analysis-container/iter_opt_eval_k3_kda/trial_3_tree/srt/entrypoints/openai/__pycache__/encoding_dsv4.cpython-312.pyc': Permission denied
rm: cannot remove '/raid/yilegu/roofline_guided_agent/VibeSimWorkspace/scripts-local/vibesim-analysis-container/iter_opt_eval_k3_kda/trial_3_tree/srt/batch_invariant_ops/__pycache__/batch_invariant_ops.cpython-312.pyc': Permission denied
rm: cannot remove '/raid/yilegu/roofline_guided_agent/VibeSimWorkspace/scripts-local/vibesim-analysis-container/iter_opt_eval_k3_kda/trial_3_tree/srt/batch_invariant_ops/__pycache__/__init__.cpython-312.pyc': Permission denied
rm: cannot remove '/raid/yilegu/roofline_guided_agent/VibeSimWorkspace/scripts-local/vibesim-analysis-container/iter_opt_eval_k3_kda/trial_3_tree/srt/elastic_ep/__pycache__/expert_backup_client.cpython-312.pyc': Permission denied
rm: cannot remove '/raid/yilegu/roofline_guided_agent/VibeSimWorkspace/scripts-local/vibesim-analysis-container/iter_opt_eval_k3_kda/trial_3_tree/srt/elastic_ep/__pycache__/elastic_ep.cpython-312.pyc': Permission denied
rm: cannot remove '/raid/yilegu/roofline_guided_agent/VibeSimWorkspace/scripts-local/vibesim-analysis-container/iter_opt_eval_k3_kda/trial_3_tree/srt/mem_cache/cpp_utils/__pycache__/native_hash.cpython-312.pyc': Permission denied
rm: cannot remove '/raid/yilegu/roofline_guided_agent/VibeSimWorkspace/scripts-local/vibesim-analysis-container/iter_opt_eval_k3_kda/trial_3_tree/srt/mem_cache/buffer_mode/__pycache__/pipeline.cpython-312.pyc': Permission denied
rm: cannot remove '/raid/yilegu/roofline_guided_agent/VibeSimWorkspace/scripts-local/vibesim-analysis-container/iter_opt_eval_k3_kda/trial_3_tree/srt/mem_cache/buffer_mode/__pycache__/__init__.cpython-312.pyc': Permission denied
rm: cannot remove '/raid/yilegu/roofline_guided_agent/VibeSimWorkspace/scripts-local/vibesim-analysis-container/iter_opt_eval_k3_kda/trial_3_tree/srt/mem_cache/buffer_mode/__pycache__/storage_existence_cache.cpython-312.pyc': Permission denied
rm: cannot remove '/raid/yilegu/roofline_guided_agent/VibeSimWorkspace/scripts-local/vibesim-analysis-container/iter_opt_eval_k3_kda/trial_3_tree/srt/mem_cache/allocator/__pycache__/hisparse.cpython-312.pyc': Permission denied
rm: cannot remove '/raid/yilegu/roofline_guided_agent/VibeSimWorkspace/scripts-local/vibesim-analysis-container/iter_opt_eval_k3_kda/trial_3_tree/srt/mem_cache/allocator/__pycache__/swa.cpython-312.pyc': Permission denied
rm: cannot remove '/raid/yilegu/roofline_guided_agent/VibeSimWorkspace/scripts-local/vibesim-analysis-container/iter_opt_eval_k3_kda/trial_3_tree/srt/mem_cache/allocator/__pycache__/__init__.cpython-312.pyc': Permission denied
rm: cannot remove '/raid/yilegu/roofline_guided_agent/VibeSimWorkspace/scripts-local/vibesim-analysis-container/iter_opt_eval_k3_kda/trial_3_tree/srt/mem_cache/allocator/__pycache__/page_interleave.cpython-312.pyc': Permission denied
rm: cannot remove '/raid/yilegu/roofline_guided_agent/VibeSimWorkspace/scripts-local/vibesim-analysis-container/iter_opt_eval_k3_kda/trial_3_tree/srt/mem_cache/allocator/__pycache__/base.cpython-312.pyc': Permission denied
rm: cannot remove '/raid/yilegu/roofline_guided_agent/VibeSimWorkspace/scripts-local/vibesim-analysis-container/iter_opt_eval_k3_kda/trial_3_tree/srt/mem_cache/allocator/__pycache__/unified_mamba.cpython-312.pyc': Permission denied
rm: cannot remove '/raid/yilegu/roofline_guided_agent/VibeSimWorkspace/scripts-local/vibesim-analysis-container/iter_opt_eval_k3_kda/trial_3_tree/srt/mem_cache/allocator/__pycache__/unified_hybrid_swa.cpython-312.pyc': Permission denied
rm: cannot remove '/raid/yilegu/roofline_guided_agent/VibeSimWorkspace/scripts-local/vibesim-analysis-container/iter_opt_eval_k3_kda/trial_3_tree/srt/mem_cache/allocator/__pycache__/unified_sub_pool.cpython-312.pyc': Permission denied
rm: cannot remove '/raid/yilegu/roofline_guided_agent/VibeSimWorkspace/scripts-local/vibesim-analysis-container/iter_opt_eval_k3_kda/trial_3_tree/srt/mem_cache/allocator/__pycache__/token.cpython-312.pyc': Permission denied
rm: cannot remove '/raid/yilegu/roofline_guided_agent/VibeSimWorkspace/scripts-local/vibesim-analysis-container/iter_opt_eval_k3_kda/trial_3_tree/srt/mem_cache/allocator/__pycache__/mamba.cpython-312.pyc': Permission denied
rm: cannot remove '/raid/yilegu/roofline_guided_agent/VibeSimWorkspace/scripts-local/vibesim-analysis-container/iter_opt_eval_k3_kda/trial_3_tree/srt/mem_cache/allocator/__pycache__/paged.cpython-312.pyc': Permission denied
rm: cannot remove '/raid/yilegu/roofline_guided_agent/VibeSimWorkspace/scripts-local/vibesim-analysis-container/iter_opt_eval_k3_kda/trial_3_tree/srt/mem_cache/layout/__pycache__/page_major.cpython-312.pyc': Permission denied
rm: cannot remove '/raid/yilegu/roofline_guided_agent/VibeSimWorkspace/scripts-local/vibesim-analysis-container/iter_opt_eval_k3_kda/trial_3_tree/srt/mem_cache/layout/__pycache__/__init__.cpython-312.pyc': Permission denied
rm: cannot remove '/raid/yilegu/roofline_guided_agent/VibeSimWorkspace/scripts-local/vibesim-analysis-container/iter_opt_eval_k3_kda/trial_3_tree/srt/mem_cache/storage/mmap/__pycache__/mmap_allocator.cpython-312.pyc': Permission denied
rm: cannot remove '/raid/yilegu/roofline_guided_agent/VibeSimWorkspace/scripts-local/vibesim-analysis-container/iter_opt_eval_k3_kda/trial_3_tree/srt/mem_cache/storage/mmap/__pycache__/__init__.cpython-312.pyc': Permission denied
rm: cannot remove '/raid/yilegu/roofline_guided_agent/VibeSimWorkspace/scripts-local/vibesim-analysis-container/iter_opt_eval_k3_kda/trial_3_tree/srt/mem_cache/storage/__pycache__/backend_factory.cpython-312.pyc': Permission denied
rm: cannot remove '/raid/yilegu/roofline_guided_agent/VibeSimWorkspace/scripts-local/vibesim-analysis-container/iter_opt_eval_k3_kda/trial_3_tree/srt/mem_cache/storage/__pycache__/__init__.cpython-312.pyc': Permission denied
rm: cannot remove '/raid/yilegu/roofline_guided_agent/VibeSimWorkspace/scripts-local/vibesim-analysis-container/iter_opt_eval_k3_kda/trial_3_tree/srt/mem_cache/__pycache__/memory_pool.cpython-312.pyc': Permission denied
rm: cannot remove '/raid/yilegu/roofline_guided_agent/VibeSimWorkspace/scripts-local/vibesim-analysis-container/iter_opt_eval_k3_kda/trial_3_tree/srt/mem_cache/__pycache__/l2_transfer.cpython-312.pyc': Permission denied
rm: cannot remove '/raid/yilegu/roofline_guided_agent/VibeSimWorkspace/scripts-local/vibesim-analysis-container/iter_opt_eval_k3_kda/trial_3_tree/srt/mem_cache/__pycache__/allocation.cpython-312.pyc': Permission denied
rm: cannot remove '/raid/yilegu/roofline_guided_agent/VibeSimWorkspace/scripts-local/vibesim-analysis-container/iter_opt_eval_k3_kda/trial_3_tree/srt/mem_cache/__pycache__/unified_memory_pool.cpython-312.pyc': Permission denied
rm: cannot remove '/raid/yilegu/roofline_guided_agent/VibeSimWorkspace/scripts-local/vibesim-analysis-container/iter_opt_eval_k3_kda/trial_3_tree/srt/mem_cache/__pycache__/kv_cache_configurator.cpython-312.pyc': Permission denied
rm: cannot remove '/raid/yilegu/roofline_guided_agent/VibeSimWorkspace/scripts-local/vibesim-analysis-container/iter_opt_eval_k3_kda/trial_3_tree/srt/mem_cache/__pycache__/base_swa_memory_pool.cpython-312.pyc': Permission denied
rm: cannot remove '/raid/yilegu/roofline_guided_agent/VibeSimWorkspace/scripts-local/vibesim-analysis-container/iter_opt_eval_k3_kda/trial_3_tree/srt/mem_cache/__pycache__/deepseek_v4_compress_state.cpython-312.pyc': Permission denied
rm: cannot remove '/raid/yilegu/roofline_guided_agent/VibeSimWorkspace/scripts-local/vibesim-analysis-container/iter_opt_eval_k3_kda/trial_3_tree/srt/mem_cache/__pycache__/allocation_sizing.cpython-312.pyc': Permission denied
rm: cannot remove '/raid/yilegu/roofline_guided_agent/VibeSimWorkspace/scripts-local/vibesim-analysis-container/iter_opt_eval_k3_kda/trial_3_tree/srt/mem_cache/__pycache__/multimodal_cache.cpython-312.pyc': Permission denied
rm: cannot remove '/raid/yilegu/roofline_guided_agent/VibeSimWorkspace/scripts-local/vibesim-analysis-container/iter_opt_eval_k3_kda/trial_3_tree/srt/mem_cache/__pycache__/radix_cache.cpython-312.pyc': Permission denied
rm: cannot remove '/raid/yilegu/roofline_guided_agent/VibeSimWorkspace/scripts-local/vibesim-analysis-container/iter_opt_eval_k3_kda/trial_3_tree/srt/mem_cache/__pycache__/utils.cpython-312.pyc': Permission denied
rm: cannot remove '/raid/yilegu/roofline_guided_agent/VibeSimWorkspace/scripts-local/vibesim-analysis-container/iter_opt_eval_k3_kda/trial_3_tree/srt/mem_cache/__pycache__/swa_memory_pool.cpython-312.pyc': Permission denied
rm: cannot remove '/raid/yilegu/roofline_guided_agent/VibeSimWorkspace/scripts-local/vibesim-analysis-container/iter_opt_eval_k3_kda/trial_3_tree/srt/mem_cache/__pycache__/kv_index_translator.cpython-312.pyc': Permission denied
rm: cannot remove '/raid/yilegu/roofline_guided_agent/VibeSimWorkspace/scripts-local/vibesim-analysis-container/iter_opt_eval_k3_kda/trial_3_tree/srt/mem_cache/__pycache__/index_key_cache.cpython-312.pyc': Permission denied
rm: cannot remove '/raid/yilegu/roofline_guided_agent/VibeSimWorkspace/scripts-local/vibesim-analysis-container/iter_opt_eval_k3_kda/trial_3_tree/srt/mem_cache/__pycache__/swa_radix_cache.cpython-312.pyc': Permission denied
rm: cannot remove '/raid/yilegu/roofline_guided_agent/VibeSimWorkspace/scripts-local/vibesim-analysis-container/iter_opt_eval_k3_kda/trial_3_tree/srt/mem_cache/__pycache__/base_prefix_cache.cpython-312.pyc': Permission denied
rm: cannot remove '/raid/yilegu/roofline_guided_agent/VibeSimWorkspace/scripts-local/vibesim-analysis-container/iter_opt_eval_k3_kda/trial_3_tree/srt/mem_cache/__pycache__/kv_vmm_backing.cpython-312.pyc': Permission denied
rm: cannot remove '/raid/yilegu/roofline_guided_agent/VibeSimWorkspace/scripts-local/vibesim-analysis-container/iter_opt_eval_k3_kda/trial_3_tree/srt/mem_cache/__pycache__/hisparse_memory_pool.cpython-312.pyc': Permission denied
rm: cannot remove '/raid/yilegu/roofline_guided_agent/VibeSimWorkspace/scripts-local/vibesim-analysis-container/iter_opt_eval_k3_kda/trial_3_tree/srt/mem_cache/__pycache__/deepseek_v4_memory_pool.cpython-312.pyc': Permission denied
rm: cannot remove '/raid/yilegu/roofline_guided_agent/VibeSimWorkspace/scripts-local/vibesim-analysis-container/iter_opt_eval_k3_kda/trial_3_tree/srt/mem_cache/__pycache__/evict_policy.cpython-312.pyc': Permission denied
rm: cannot remove '/raid/yilegu/roofline_guided_agent/VibeSimWorkspace/scripts-local/vibesim-analysis-container/iter_opt_eval_k3_kda/trial_3_tree/srt/mem_cache/__pycache__/unified_radix_cache.cpython-312.pyc': Permission denied
rm: cannot remove '/raid/yilegu/roofline_guided_agent/VibeSimWorkspace/scripts-local/vibesim-analysis-container/iter_opt_eval_k3_kda/trial_3_tree/srt/mem_cache/__pycache__/hicache_storage.cpython-312.pyc': Permission denied
rm: cannot remove '/raid/yilegu/roofline_guided_agent/VibeSimWorkspace/scripts-local/vibesim-analysis-container/iter_opt_eval_k3_kda/trial_3_tree/srt/mem_cache/__pycache__/events.cpython-312.pyc': Permission denied
rm: cannot remove '/raid/yilegu/roofline_guided_agent/VibeSimWorkspace/scripts-local/vibesim-analysis-container/iter_opt_eval_k3_kda/trial_3_tree/srt/mem_cache/__pycache__/kv_cache_dtype.cpython-312.pyc': Permission denied
rm: cannot remove '/raid/yilegu/roofline_guided_agent/VibeSimWorkspace/scripts-local/vibesim-analysis-container/iter_opt_eval_k3_kda/trial_3_tree/srt/mem_cache/__pycache__/common.cpython-312.pyc': Permission denied
rm: cannot remove '/raid/yilegu/roofline_guided_agent/VibeSimWorkspace/scripts-local/vibesim-analysis-container/iter_opt_eval_k3_kda/trial_3_tree/srt/mem_cache/__pycache__/cache_init_params.cpython-312.pyc': Permission denied
rm: cannot remove '/raid/yilegu/roofline_guided_agent/VibeSimWorkspace/scripts-local/vibesim-analysis-container/iter_opt_eval_k3_kda/trial_3_tree/srt/mem_cache/__pycache__/storage_prefetch.cpython-312.pyc': Permission denied
rm: cannot remove '/raid/yilegu/roofline_guided_agent/VibeSimWorkspace/scripts-local/vibesim-analysis-container/iter_opt_eval_k3_kda/trial_3_tree/srt/mem_cache/pool_host/__pycache__/__init__.cpython-312.pyc': Permission denied
rm: cannot remove '/raid/yilegu/roofline_guided_agent/VibeSimWorkspace/scripts-local/vibesim-analysis-container/iter_opt_eval_k3_kda/trial_3_tree/srt/mem_cache/pool_host/__pycache__/base.cpython-312.pyc': Permission denied
rm: cannot remove '/raid/yilegu/roofline_guided_agent/VibeSimWorkspace/scripts-local/vibesim-analysis-container/iter_opt_eval_k3_kda/trial_3_tree/srt/mem_cache/pool_host/__pycache__/mha.cpython-312.pyc': Permission denied
rm: cannot remove '/raid/yilegu/roofline_guided_agent/VibeSimWorkspace/scripts-local/vibesim-analysis-container/iter_opt_eval_k3_kda/trial_3_tree/srt/mem_cache/pool_host/__pycache__/group.cpython-312.pyc': Permission denied
rm: cannot remove '/raid/yilegu/roofline_guided_agent/VibeSimWorkspace/scripts-local/vibesim-analysis-container/iter_opt_eval_k3_kda/trial_3_tree/srt/mem_cache/pool_host/__pycache__/common.cpython-312.pyc': Permission denied
rm: cannot remove '/raid/yilegu/roofline_guided_agent/VibeSimWorkspace/scripts-local/vibesim-analysis-container/iter_opt_eval_k3_kda/trial_3_tree/srt/mem_cache/hybrid_cache/__pycache__/hybrid_cache_controller.cpython-312.pyc': Permission denied
rm: cannot remove '/raid/yilegu/roofline_guided_agent/VibeSimWorkspace/scripts-local/vibesim-analysis-container/iter_opt_eval_k3_kda/trial_3_tree/srt/mem_cache/unified_cache/components/__pycache__/swa.cpython-312.pyc': Permission denied
rm: cannot remove '/raid/yilegu/roofline_guided_agent/VibeSimWorkspace/scripts-local/vibesim-analysis-container/iter_opt_eval_k3_kda/trial_3_tree/srt/mem_cache/unified_cache/components/__pycache__/__init__.cpython-312.pyc': Permission denied
rm: cannot remove '/raid/yilegu/roofline_guided_agent/VibeSimWorkspace/scripts-local/vibesim-analysis-container/iter_opt_eval_k3_kda/trial_3_tree/srt/mem_cache/unified_cache/components/__pycache__/base.cpython-312.pyc': Permission denied
rm: cannot remove '/raid/yilegu/roofline_guided_agent/VibeSimWorkspace/scripts-local/vibesim-analysis-container/iter_opt_eval_k3_kda/trial_3_tree/srt/mem_cache/unified_cache/components/__pycache__/full.cpython-312.pyc': Permission denied
rm: cannot remove '/raid/yilegu/roofline_guided_agent/VibeSimWorkspace/scripts-local/vibesim-analysis-container/iter_opt_eval_k3_kda/trial_3_tree/srt/mem_cache/unified_cache/components/__pycache__/mamba.cpython-312.pyc': Permission denied
rm: cannot remove '/raid/yilegu/roofline_guided_agent/VibeSimWorkspace/scripts-local/vibesim-analysis-container/iter_opt_eval_k3_kda/trial_3_tree/srt/mem_cache/unified_cache/__pycache__/tree_core_registry.cpython-312.pyc': Permission denied
rm: cannot remove '/raid/yilegu/roofline_guided_agent/VibeSimWorkspace/scripts-local/vibesim-analysis-container/iter_opt_eval_k3_kda/trial_3_tree/srt/mem_cache/unified_cache/__pycache__/session_ref_tracker.cpython-312.pyc': Permission denied
rm: cannot remove '/raid/yilegu/roofline_guided_agent/VibeSimWorkspace/scripts-local/vibesim-analysis-container/iter_opt_eval_k3_kda/trial_3_tree/srt/mem_cache/unified_cache/__pycache__/__init__.cpython-312.pyc': Permission denied
rm: cannot remove '/raid/yilegu/roofline_guided_agent/VibeSimWorkspace/scripts-local/vibesim-analysis-container/iter_opt_eval_k3_kda/trial_3_tree/srt/mem_cache/unified_cache/__pycache__/storage_attachment.cpython-312.pyc': Permission denied
rm: cannot remove '/raid/yilegu/roofline_guided_agent/VibeSimWorkspace/scripts-local/vibesim-analysis-container/iter_opt_eval_k3_kda/trial_3_tree/srt/mem_cache/unified_cache/__pycache__/component_type.cpython-312.pyc': Permission denied
rm: cannot remove '/raid/yilegu/roofline_guided_agent/VibeSimWorkspace/scripts-local/vibesim-analysis-container/iter_opt_eval_k3_kda/trial_3_tree/srt/mem_cache/unified_cache/__pycache__/unified_cache_linker.cpython-312.pyc': Permission denied
rm: cannot remove '/raid/yilegu/roofline_guided_agent/VibeSimWorkspace/scripts-local/vibesim-analysis-container/iter_opt_eval_k3_kda/trial_3_tree/srt/mem_cache/unified_cache/__pycache__/unified_tree_core_interface.cpython-312.pyc': Permission denied
rm: cannot remove '/raid/yilegu/roofline_guided_agent/VibeSimWorkspace/scripts-local/vibesim-analysis-container/iter_opt_eval_k3_kda/trial_3_tree/srt/mem_cache/unified_cache/__pycache__/unified_tree_core.cpython-312.pyc': Permission denied
rm: cannot remove '/raid/yilegu/roofline_guided_agent/VibeSimWorkspace/scripts-local/vibesim-analysis-container/iter_opt_eval_k3_kda/trial_3_tree/srt/mem_cache/unified_cache/__pycache__/cache_action.cpython-312.pyc': Permission denied
rm: cannot remove '/raid/yilegu/roofline_guided_agent/VibeSimWorkspace/scripts-local/vibesim-analysis-container/iter_opt_eval_k3_kda/trial_3_tree/srt/managers/scheduler_components/__pycache__/__init__.cpython-312.pyc': Permission denied
rm: cannot remove '/raid/yilegu/roofline_guided_agent/VibeSimWorkspace/scripts-local/vibesim-analysis-container/iter_opt_eval_k3_kda/trial_3_tree/srt/managers/scheduler_components/__pycache__/new_token_ratio_tracker.cpython-312.pyc': Permission denied
rm: cannot remove '/raid/yilegu/roofline_guided_agent/VibeSimWorkspace/scripts-local/vibesim-analysis-container/iter_opt_eval_k3_kda/trial_3_tree/srt/managers/__pycache__/io_struct.cpython-312.pyc': Permission denied
rm: cannot remove '/raid/yilegu/roofline_guided_agent/VibeSimWorkspace/scripts-local/vibesim-analysis-container/iter_opt_eval_k3_kda/trial_3_tree/srt/managers/__pycache__/overlap_utils.cpython-312.pyc': Permission denied
rm: cannot remove '/raid/yilegu/roofline_guided_agent/VibeSimWorkspace/scripts-local/vibesim-analysis-container/iter_opt_eval_k3_kda/trial_3_tree/srt/managers/__pycache__/cache_controller.cpython-312.pyc': Permission denied
rm: cannot remove '/raid/yilegu/roofline_guided_agent/VibeSimWorkspace/scripts-local/vibesim-analysis-container/iter_opt_eval_k3_kda/trial_3_tree/srt/managers/__pycache__/utils.cpython-312.pyc': Permission denied
rm: cannot remove '/raid/yilegu/roofline_guided_agent/VibeSimWorkspace/scripts-local/vibesim-analysis-container/iter_opt_eval_k3_kda/trial_3_tree/srt/managers/__pycache__/embed_types.cpython-312.pyc': Permission denied
rm: cannot remove '/raid/yilegu/roofline_guided_agent/VibeSimWorkspace/scripts-local/vibesim-analysis-container/iter_opt_eval_k3_kda/trial_3_tree/srt/managers/__pycache__/schedule_batch.cpython-312.pyc': Permission denied
rm: cannot remove '/raid/yilegu/roofline_guided_agent/VibeSimWorkspace/scripts-local/vibesim-analysis-container/iter_opt_eval_k3_kda/trial_3_tree/srt/managers/__pycache__/mm_utils.cpython-312.pyc': Permission denied
rm: cannot remove '/raid/yilegu/roofline_guided_agent/VibeSimWorkspace/scripts-local/vibesim-analysis-container/iter_opt_eval_k3_kda/trial_3_tree/srt/managers/__pycache__/auxiliary_output.cpython-312.pyc': Permission denied
rm: cannot remove '/raid/yilegu/roofline_guided_agent/VibeSimWorkspace/scripts-local/vibesim-analysis-container/iter_opt_eval_k3_kda/trial_3_tree/srt/managers/__pycache__/mm_schedule.cpython-312.pyc': Permission denied
rm: cannot remove '/raid/yilegu/roofline_guided_agent/VibeSimWorkspace/scripts-local/vibesim-analysis-container/iter_opt_eval_k3_kda/trial_3_tree/srt/hardware_backend/mlx/__pycache__/runtime.cpython-312.pyc': Permission denied
rm: cannot remove '/raid/yilegu/roofline_guided_agent/VibeSimWorkspace/scripts-local/vibesim-analysis-container/iter_opt_eval_k3_kda/trial_3_tree/srt/hardware_backend/xpu/graph_runner/__pycache__/__init__.cpython-312.pyc': Permission denied
rm: cannot remove '/raid/yilegu/roofline_guided_agent/VibeSimWorkspace/scripts-local/vibesim-analysis-container/iter_opt_eval_k3_kda/trial_3_tree/srt/hardware_backend/xpu/graph_runner/__pycache__/xpu_graph_runner.cpython-312.pyc': Permission denied
rm: cannot remove '/raid/yilegu/roofline_guided_agent/VibeSimWorkspace/scripts-local/vibesim-analysis-container/iter_opt_eval_k3_kda/trial_3_tree/srt/hardware_backend/xpu/__pycache__/__init__.cpython-312.pyc': Permission denied
rm: cannot remove '/raid/yilegu/roofline_guided_agent/VibeSimWorkspace/scripts-local/vibesim-analysis-container/iter_opt_eval_k3_kda/trial_3_tree/srt/hardware_backend/npu/graph_runner/__pycache__/npu_graph_runner.cpython-312.pyc': Permission denied
rm: cannot remove '/raid/yilegu/roofline_guided_agent/VibeSimWorkspace/scripts-local/vibesim-analysis-container/iter_opt_eval_k3_kda/trial_3_tree/srt/hardware_backend/npu/quantization/__pycache__/linear_method_npu.cpython-312.pyc': Permission denied
rm: cannot remove '/raid/yilegu/roofline_guided_agent/VibeSimWorkspace/scripts-local/vibesim-analysis-container/iter_opt_eval_k3_kda/trial_3_tree/srt/hardware_backend/npu/quantization/__pycache__/moe_methods.cpython-312.pyc': Permission denied
rm: cannot remove '/raid/yilegu/roofline_guided_agent/VibeSimWorkspace/scripts-local/vibesim-analysis-container/iter_opt_eval_k3_kda/trial_3_tree/srt/hardware_backend/npu/dsv4/__pycache__/dsv4_common_hooks.cpython-312.pyc': Permission denied
rm: cannot remove '/raid/yilegu/roofline_guided_agent/VibeSimWorkspace/scripts-local/vibesim-analysis-container/iter_opt_eval_k3_kda/trial_3_tree/srt/hardware_backend/npu/__pycache__/utils.cpython-312.pyc': Permission denied
rm: cannot remove '/raid/yilegu/roofline_guided_agent/VibeSimWorkspace/scripts-local/vibesim-analysis-container/iter_opt_eval_k3_kda/trial_3_tree/srt/hardware_backend/npu/moe/__pycache__/finalize_routing.cpython-312.pyc': Permission denied
rm: cannot remove '/raid/yilegu/roofline_guided_agent/VibeSimWorkspace/scripts-local/vibesim-analysis-container/iter_opt_eval_k3_kda/trial_3_tree/srt/hardware_backend/npu/moe/__pycache__/quant.cpython-312.pyc': Permission denied
rm: cannot remove '/raid/yilegu/roofline_guided_agent/VibeSimWorkspace/scripts-local/vibesim-analysis-container/iter_opt_eval_k3_kda/trial_3_tree/srt/hardware_backend/npu/moe/__pycache__/init_routing.cpython-312.pyc': Permission denied
rm: cannot remove '/raid/yilegu/roofline_guided_agent/VibeSimWorkspace/scripts-local/vibesim-analysis-container/iter_opt_eval_k3_kda/trial_3_tree/srt/hardware_backend/npu/moe/__pycache__/matmul.cpython-312.pyc': Permission denied
rm: cannot remove '/raid/yilegu/roofline_guided_agent/VibeSimWorkspace/scripts-local/vibesim-analysis-container/iter_opt_eval_k3_kda/trial_3_tree/srt/hardware_backend/cpu/quantization/__pycache__/gptq_kernels.cpython-312.pyc': Permission denied
rm: cannot remove '/raid/yilegu/roofline_guided_agent/VibeSimWorkspace/scripts-local/vibesim-analysis-container/iter_opt_eval_k3_kda/trial_3_tree/srt/hardware_backend/cpu/quantization/__pycache__/awq_kernels.cpython-312.pyc': Permission denied
rm: cannot remove '/raid/yilegu/roofline_guided_agent/VibeSimWorkspace/scripts-local/vibesim-analysis-container/iter_opt_eval_k3_kda/trial_3_tree/srt/hardware_backend/gpu/quantization/__pycache__/gptq_kernels.cpython-312.pyc': Permission denied
rm: cannot remove '/raid/yilegu/roofline_guided_agent/VibeSimWorkspace/scripts-local/vibesim-analysis-container/iter_opt_eval_k3_kda/trial_3_tree/srt/sampling/penaltylib/__pycache__/__init__.cpython-312.pyc': Permission denied
rm: cannot remove '/raid/yilegu/roofline_guided_agent/VibeSimWorkspace/scripts-local/vibesim-analysis-container/iter_opt_eval_k3_kda/trial_3_tree/srt/sampling/penaltylib/__pycache__/repetition_penalty.cpython-312.pyc': Permission denied
rm: cannot remove '/raid/yilegu/roofline_guided_agent/VibeSimWorkspace/scripts-local/vibesim-analysis-container/iter_opt_eval_k3_kda/trial_3_tree/srt/sampling/penaltylib/__pycache__/orchestrator.cpython-312.pyc': Permission denied
rm: cannot remove '/raid/yilegu/roofline_guided_agent/VibeSimWorkspace/scripts-local/vibesim-analysis-container/iter_opt_eval_k3_kda/trial_3_tree/srt/sampling/penaltylib/__pycache__/frequency_penalty.cpython-312.pyc': Permission denied
rm: cannot remove '/raid/yilegu/roofline_guided_agent/VibeSimWorkspace/scripts-local/vibesim-analysis-container/iter_opt_eval_k3_kda/trial_3_tree/srt/sampling/penaltylib/__pycache__/min_new_tokens.cpython-312.pyc': Permission denied
rm: cannot remove '/raid/yilegu/roofline_guided_agent/VibeSimWorkspace/scripts-local/vibesim-analysis-container/iter_opt_eval_k3_kda/trial_3_tree/srt/sampling/penaltylib/__pycache__/presence_penalty.cpython-312.pyc': Permission denied
rm: cannot remove '/raid/yilegu/roofline_guided_agent/VibeSimWorkspace/scripts-local/vibesim-analysis-container/iter_opt_eval_k3_kda/trial_3_tree/srt/sampling/__pycache__/sampling_params.cpython-312.pyc': Permission denied
rm: cannot remove '/raid/yilegu/roofline_guided_agent/VibeSimWorkspace/scripts-local/vibesim-analysis-container/iter_opt_eval_k3_kda/trial_3_tree/srt/sampling/__pycache__/custom_logit_processor.cpython-312.pyc': Permission denied
rm: cannot remove '/raid/yilegu/roofline_guided_agent/VibeSimWorkspace/scripts-local/vibesim-analysis-container/iter_opt_eval_k3_kda/trial_3_tree/srt/sampling/__pycache__/sampling_observer.cpython-312.pyc': Permission denied
rm: cannot remove '/raid/yilegu/roofline_guided_agent/VibeSimWorkspace/scripts-local/vibesim-analysis-container/iter_opt_eval_k3_kda/trial_3_tree/srt/sampling/__pycache__/sampling_batch_info.cpython-312.pyc': Permission denied
rm: cannot remove '/raid/yilegu/roofline_guided_agent/VibeSimWorkspace/scripts-local/vibesim-analysis-container/iter_opt_eval_k3_kda/trial_3_tree/srt/compilation/__pycache__/torch_compile_decoration.cpython-312.pyc': Permission denied
rm: cannot remove '/raid/yilegu/roofline_guided_agent/VibeSimWorkspace/scripts-local/vibesim-analysis-container/iter_opt_eval_k3_kda/trial_3_tree/srt/compilation/__pycache__/compile_phase.cpython-312.pyc': Permission denied
rm: cannot remove '/raid/yilegu/roofline_guided_agent/VibeSimWorkspace/scripts-local/vibesim-analysis-container/iter_opt_eval_k3_kda/trial_3_tree/srt/compilation/__pycache__/compilation_config.cpython-312.pyc': Permission denied
rm: cannot remove '/raid/yilegu/roofline_guided_agent/VibeSimWorkspace/scripts-local/vibesim-analysis-container/iter_opt_eval_k3_kda/trial_3_tree/srt/compilation/__pycache__/compile.cpython-312.pyc': Permission denied
rm: cannot remove '/raid/yilegu/roofline_guided_agent/VibeSimWorkspace/scripts-local/vibesim-analysis-container/iter_opt_eval_k3_kda/trial_3_tree/srt/layers/attention/mamba/__pycache__/replay_state_indices_validator.cpython-312.pyc': Permission denied
rm: cannot remove '/raid/yilegu/roofline_guided_agent/VibeSimWorkspace/scripts-local/vibesim-analysis-container/iter_opt_eval_k3_kda/trial_3_tree/srt/layers/attention/mamba/__pycache__/mixer2_rms_norm_gated.cpython-312.pyc': Permission denied
rm: cannot remove '/raid/yilegu/roofline_guided_agent/VibeSimWorkspace/scripts-local/vibesim-analysis-container/iter_opt_eval_k3_kda/trial_3_tree/srt/layers/attention/mamba/__pycache__/mamba2_metadata.cpython-312.pyc': Permission denied
rm: cannot remove '/raid/yilegu/roofline_guided_agent/VibeSimWorkspace/scripts-local/vibesim-analysis-container/iter_opt_eval_k3_kda/trial_3_tree/srt/layers/attention/mamba/__pycache__/causal_conv1d.cpython-312.pyc': Permission denied
rm: cannot remove '/raid/yilegu/roofline_guided_agent/VibeSimWorkspace/scripts-local/vibesim-analysis-container/iter_opt_eval_k3_kda/trial_3_tree/srt/layers/attention/mamba/__pycache__/mamba.cpython-312.pyc': Permission denied
rm: cannot remove '/raid/yilegu/roofline_guided_agent/VibeSimWorkspace/scripts-local/vibesim-analysis-container/iter_opt_eval_k3_kda/trial_3_tree/srt/layers/attention/dsa/__pycache__/dsa_npu_indexer.cpython-312.pyc': Permission denied
rm: cannot remove '/raid/yilegu/roofline_guided_agent/VibeSimWorkspace/scripts-local/vibesim-analysis-container/iter_opt_eval_k3_kda/trial_3_tree/srt/layers/attention/dsa/__pycache__/dsa_backend_mtp_precompute.cpython-312.pyc': Permission denied
rm: cannot remove '/raid/yilegu/roofline_guided_agent/VibeSimWorkspace/scripts-local/vibesim-analysis-container/iter_opt_eval_k3_kda/trial_3_tree/srt/layers/attention/dsa/__pycache__/dsa_metadata_manager.cpython-312.pyc': Permission denied
rm: cannot remove '/raid/yilegu/roofline_guided_agent/VibeSimWorkspace/scripts-local/vibesim-analysis-container/iter_opt_eval_k3_kda/trial_3_tree/srt/layers/attention/dsa/__pycache__/kpool_plan.cpython-312.pyc': Permission denied
rm: cannot remove '/raid/yilegu/roofline_guided_agent/VibeSimWorkspace/scripts-local/vibesim-analysis-container/iter_opt_eval_k3_kda/trial_3_tree/srt/layers/attention/dsa/__pycache__/dsa_indexer_kpool.cpython-312.pyc': Permission denied
rm: cannot remove '/raid/yilegu/roofline_guided_agent/VibeSimWorkspace/scripts-local/vibesim-analysis-container/iter_opt_eval_k3_kda/trial_3_tree/srt/layers/attention/dsa/__pycache__/utils.cpython-312.pyc': Permission denied
rm: cannot remove '/raid/yilegu/roofline_guided_agent/VibeSimWorkspace/scripts-local/vibesim-analysis-container/iter_opt_eval_k3_kda/trial_3_tree/srt/layers/attention/dsa/__pycache__/kpool_fp8_index.cpython-312.pyc': Permission denied
rm: cannot remove '/raid/yilegu/roofline_guided_agent/VibeSimWorkspace/scripts-local/vibesim-analysis-container/iter_opt_eval_k3_kda/trial_3_tree/srt/layers/attention/dsa/__pycache__/dsa_topk_backend.cpython-312.pyc': Permission denied
rm: cannot remove '/raid/yilegu/roofline_guided_agent/VibeSimWorkspace/scripts-local/vibesim-analysis-container/iter_opt_eval_k3_kda/trial_3_tree/srt/layers/attention/dsa/__pycache__/dsa_prefill_cuda_graph.cpython-312.pyc': Permission denied
rm: cannot remove '/raid/yilegu/roofline_guided_agent/VibeSimWorkspace/scripts-local/vibesim-analysis-container/iter_opt_eval_k3_kda/trial_3_tree/srt/layers/attention/dsa/__pycache__/paged_mqa_logits_backend.cpython-312.pyc': Permission denied
rm: cannot remove '/raid/yilegu/roofline_guided_agent/VibeSimWorkspace/scripts-local/vibesim-analysis-container/iter_opt_eval_k3_kda/trial_3_tree/srt/layers/attention/dsa/__pycache__/dsa_indexer.cpython-312.pyc': Permission denied
rm: cannot remove '/raid/yilegu/roofline_guided_agent/VibeSimWorkspace/scripts-local/vibesim-analysis-container/iter_opt_eval_k3_kda/trial_3_tree/srt/layers/attention/dsa/__pycache__/dsa_backend_kpool.cpython-312.pyc': Permission denied
rm: cannot remove '/raid/yilegu/roofline_guided_agent/VibeSimWorkspace/scripts-local/vibesim-analysis-container/iter_opt_eval_k3_kda/trial_3_tree/srt/layers/attention/dsa/__pycache__/dsa_indexer_metadata.cpython-312.pyc': Permission denied
rm: cannot remove '/raid/yilegu/roofline_guided_agent/VibeSimWorkspace/scripts-local/vibesim-analysis-container/iter_opt_eval_k3_kda/trial_3_tree/srt/layers/attention/__pycache__/flashinfer_mla_backend.cpython-312.pyc': Permission denied
rm: cannot remove '/raid/yilegu/roofline_guided_agent/VibeSimWorkspace/scripts-local/vibesim-analysis-container/iter_opt_eval_k3_kda/trial_3_tree/srt/layers/attention/__pycache__/dsa_backend.cpython-312.pyc': Permission denied
rm: cannot remove '/raid/yilegu/roofline_guided_agent/VibeSimWorkspace/scripts-local/vibesim-analysis-container/iter_opt_eval_k3_kda/trial_3_tree/srt/layers/attention/__pycache__/trtllm_mla_backend.cpython-312.pyc': Permission denied
rm: cannot remove '/raid/yilegu/roofline_guided_agent/VibeSimWorkspace/scripts-local/vibesim-analysis-container/iter_opt_eval_k3_kda/trial_3_tree/srt/layers/attention/__pycache__/verify_mask.cpython-312.pyc': Permission denied
rm: cannot remove '/raid/yilegu/roofline_guided_agent/VibeSimWorkspace/scripts-local/vibesim-analysis-container/iter_opt_eval_k3_kda/trial_3_tree/srt/layers/attention/__pycache__/base_attn_backend.cpython-312.pyc': Permission denied
rm: cannot remove '/raid/yilegu/roofline_guided_agent/VibeSimWorkspace/scripts-local/vibesim-analysis-container/iter_opt_eval_k3_kda/trial_3_tree/srt/layers/attention/__pycache__/vision.cpython-312.pyc': Permission denied
rm: cannot remove '/raid/yilegu/roofline_guided_agent/VibeSimWorkspace/scripts-local/vibesim-analysis-container/iter_opt_eval_k3_kda/trial_3_tree/srt/layers/attention/__pycache__/hybrid_linear_attn_backend.cpython-312.pyc': Permission denied
rm: cannot remove '/raid/yilegu/roofline_guided_agent/VibeSimWorkspace/scripts-local/vibesim-analysis-container/iter_opt_eval_k3_kda/trial_3_tree/srt/layers/attention/__pycache__/tbo_backend.cpython-312.pyc': Permission denied
rm: cannot remove '/raid/yilegu/roofline_guided_agent/VibeSimWorkspace/scripts-local/vibesim-analysis-container/iter_opt_eval_k3_kda/trial_3_tree/srt/layers/attention/__pycache__/attention_registry.cpython-312.pyc': Permission denied
rm: cannot remove '/raid/yilegu/roofline_guided_agent/VibeSimWorkspace/scripts-local/vibesim-analysis-container/iter_opt_eval_k3_kda/trial_3_tree/srt/layers/attention/__pycache__/index_topk_share.cpython-312.pyc': Permission denied
rm: cannot remove '/raid/yilegu/roofline_guided_agent/VibeSimWorkspace/scripts-local/vibesim-analysis-container/iter_opt_eval_k3_kda/trial_3_tree/srt/layers/attention/__pycache__/graph_variants.cpython-312.pyc': Permission denied
rm: cannot remove '/raid/yilegu/roofline_guided_agent/VibeSimWorkspace/scripts-local/vibesim-analysis-container/iter_opt_eval_k3_kda/trial_3_tree/srt/layers/attention/linear/kernels/__pycache__/kda_triton.cpython-312.pyc': Permission denied
rm: cannot remove '/raid/yilegu/roofline_guided_agent/VibeSimWorkspace/scripts-local/vibesim-analysis-container/iter_opt_eval_k3_kda/trial_3_tree/srt/layers/attention/linear/kernels/__pycache__/kernel_backend.cpython-312.pyc': Permission denied
rm: cannot remove '/raid/yilegu/roofline_guided_agent/VibeSimWorkspace/scripts-local/vibesim-analysis-container/iter_opt_eval_k3_kda/trial_3_tree/srt/layers/attention/linear/kernels/__pycache__/kda_flashinfer.cpython-312.pyc': Permission denied
rm: cannot remove '/raid/yilegu/roofline_guided_agent/VibeSimWorkspace/scripts-local/vibesim-analysis-container/iter_opt_eval_k3_kda/trial_3_tree/srt/layers/attention/linear/kernels/__pycache__/__init__.cpython-312.pyc': Permission denied
rm: cannot remove '/raid/yilegu/roofline_guided_agent/VibeSimWorkspace/scripts-local/vibesim-analysis-container/iter_opt_eval_k3_kda/trial_3_tree/srt/layers/attention/linear/__pycache__/__init__.cpython-312.pyc': Permission denied
rm: cannot remove '/raid/yilegu/roofline_guided_agent/VibeSimWorkspace/scripts-local/vibesim-analysis-container/iter_opt_eval_k3_kda/trial_3_tree/srt/layers/attention/linear/__pycache__/utils.cpython-312.pyc': Permission denied
rm: cannot remove '/raid/yilegu/roofline_guided_agent/VibeSimWorkspace/scripts-local/vibesim-analysis-container/iter_opt_eval_k3_kda/trial_3_tree/srt/layers/attention/linear/__pycache__/kda_backend.cpython-312.pyc': Permission denied
rm: cannot remove '/raid/yilegu/roofline_guided_agent/VibeSimWorkspace/scripts-local/vibesim-analysis-container/iter_opt_eval_k3_kda/trial_3_tree/srt/layers/cp/__pycache__/__init__.cpython-312.pyc': Permission denied
rm: cannot remove '/raid/yilegu/roofline_guided_agent/VibeSimWorkspace/scripts-local/vibesim-analysis-container/iter_opt_eval_k3_kda/trial_3_tree/srt/layers/cp/__pycache__/utils.cpython-312.pyc': Permission denied
rm: cannot remove '/raid/yilegu/roofline_guided_agent/VibeSimWorkspace/scripts-local/vibesim-analysis-container/iter_opt_eval_k3_kda/trial_3_tree/srt/layers/cp/__pycache__/bcg.cpython-312.pyc': Permission denied
rm: cannot remove '/raid/yilegu/roofline_guided_agent/VibeSimWorkspace/scripts-local/vibesim-analysis-container/iter_opt_eval_k3_kda/trial_3_tree/srt/layers/cp/__pycache__/padding.cpython-312.pyc': Permission denied
rm: cannot remove '/raid/yilegu/roofline_guided_agent/VibeSimWorkspace/scripts-local/vibesim-analysis-container/iter_opt_eval_k3_kda/trial_3_tree/srt/layers/cp/__pycache__/cp_decode_attn_tp.cpython-312.pyc': Permission denied
rm: cannot remove '/raid/yilegu/roofline_guided_agent/VibeSimWorkspace/scripts-local/vibesim-analysis-container/iter_opt_eval_k3_kda/trial_3_tree/srt/layers/cp/__pycache__/interleave.cpython-312.pyc': Permission denied
rm: cannot remove '/raid/yilegu/roofline_guided_agent/VibeSimWorkspace/scripts-local/vibesim-analysis-container/iter_opt_eval_k3_kda/trial_3_tree/srt/layers/cp/__pycache__/base.cpython-312.pyc': Permission denied
rm: cannot remove '/raid/yilegu/roofline_guided_agent/VibeSimWorkspace/scripts-local/vibesim-analysis-container/iter_opt_eval_k3_kda/trial_3_tree/srt/layers/cp/__pycache__/zigzag.cpython-312.pyc': Permission denied
rm: cannot remove '/raid/yilegu/roofline_guided_agent/VibeSimWorkspace/scripts-local/vibesim-analysis-container/iter_opt_eval_k3_kda/trial_3_tree/srt/layers/quantization/modelslim/__pycache__/modelslim.cpython-312.pyc': Permission denied
rm: cannot remove '/raid/yilegu/roofline_guided_agent/VibeSimWorkspace/scripts-local/vibesim-analysis-container/iter_opt_eval_k3_kda/trial_3_tree/srt/layers/quantization/modelslim/schemes/__pycache__/modelslim_w8a8_int8_moe.cpython-312.pyc': Permission denied
rm: cannot remove '/raid/yilegu/roofline_guided_agent/VibeSimWorkspace/scripts-local/vibesim-analysis-container/iter_opt_eval_k3_kda/trial_3_tree/srt/layers/quantization/modelslim/schemes/__pycache__/modelslim_mxfp4_w4a8.cpython-312.pyc': Permission denied
rm: cannot remove '/raid/yilegu/roofline_guided_agent/VibeSimWorkspace/scripts-local/vibesim-analysis-container/iter_opt_eval_k3_kda/trial_3_tree/srt/layers/quantization/modelslim/schemes/__pycache__/__init__.cpython-312.pyc': Permission denied
rm: cannot remove '/raid/yilegu/roofline_guided_agent/VibeSimWorkspace/scripts-local/vibesim-analysis-container/iter_opt_eval_k3_kda/trial_3_tree/srt/layers/quantization/modelslim/schemes/__pycache__/modelslim_w4a4_int4_moe.cpython-312.pyc': Permission denied
rm: cannot remove '/raid/yilegu/roofline_guided_agent/VibeSimWorkspace/scripts-local/vibesim-analysis-container/iter_opt_eval_k3_kda/trial_3_tree/srt/layers/quantization/modelslim/schemes/__pycache__/modelslim_w4a8_mxfp4_moe.cpython-312.pyc': Permission denied
rm: cannot remove '/raid/yilegu/roofline_guided_agent/VibeSimWorkspace/scripts-local/vibesim-analysis-container/iter_opt_eval_k3_kda/trial_3_tree/srt/layers/quantization/modelslim/schemes/__pycache__/modelslim_w8a8_int8.cpython-312.pyc': Permission denied
rm: cannot remove '/raid/yilegu/roofline_guided_agent/VibeSimWorkspace/scripts-local/vibesim-analysis-container/iter_opt_eval_k3_kda/trial_3_tree/srt/layers/quantization/modelslim/schemes/__pycache__/modelslim_w4a8_int8_moe.cpython-312.pyc': Permission denied
rm: cannot remove '/raid/yilegu/roofline_guided_agent/VibeSimWorkspace/scripts-local/vibesim-analysis-container/iter_opt_eval_k3_kda/trial_3_tree/srt/layers/quantization/modelslim/schemes/__pycache__/modelslim_mxfp8.cpython-312.pyc': Permission denied
rm: cannot remove '/raid/yilegu/roofline_guided_agent/VibeSimWorkspace/scripts-local/vibesim-analysis-container/iter_opt_eval_k3_kda/trial_3_tree/srt/layers/quantization/modelslim/schemes/__pycache__/modelslim_mxfp4.cpython-312.pyc': Permission denied
rm: cannot remove '/raid/yilegu/roofline_guided_agent/VibeSimWorkspace/scripts-local/vibesim-analysis-container/iter_opt_eval_k3_kda/trial_3_tree/srt/layers/quantization/modelslim/schemes/__pycache__/modelslim_mxfp8_moe.cpython-312.pyc': Permission denied
rm: cannot remove '/raid/yilegu/roofline_guided_agent/VibeSimWorkspace/scripts-local/vibesim-analysis-container/iter_opt_eval_k3_kda/trial_3_tree/srt/layers/quantization/modelslim/schemes/__pycache__/modelslim_scheme.cpython-312.pyc': Permission denied
rm: cannot remove '/raid/yilegu/roofline_guided_agent/VibeSimWorkspace/scripts-local/vibesim-analysis-container/iter_opt_eval_k3_kda/trial_3_tree/srt/layers/quantization/modelslim/schemes/__pycache__/modelslim_w4a4_int4.cpython-312.pyc': Permission denied
rm: cannot remove '/raid/yilegu/roofline_guided_agent/VibeSimWorkspace/scripts-local/vibesim-analysis-container/iter_opt_eval_k3_kda/trial_3_tree/srt/layers/quantization/modelslim/schemes/__pycache__/modelslim_w4a4_mxfp4_moe.cpython-312.pyc': Permission denied
rm: cannot remove '/raid/yilegu/roofline_guided_agent/VibeSimWorkspace/scripts-local/vibesim-analysis-container/iter_opt_eval_k3_kda/trial_3_tree/srt/layers/quantization/quark/__pycache__/quark.cpython-312.pyc': Permission denied
rm: cannot remove '/raid/yilegu/roofline_guided_agent/VibeSimWorkspace/scripts-local/vibesim-analysis-container/iter_opt_eval_k3_kda/trial_3_tree/srt/layers/quantization/quark/__pycache__/__init__.cpython-312.pyc': Permission denied
rm: cannot remove '/raid/yilegu/roofline_guided_agent/VibeSimWorkspace/scripts-local/vibesim-analysis-container/iter_opt_eval_k3_kda/trial_3_tree/srt/layers/quantization/quark/__pycache__/utils.cpython-312.pyc': Permission denied
rm: cannot remove '/raid/yilegu/roofline_guided_agent/VibeSimWorkspace/scripts-local/vibesim-analysis-container/iter_opt_eval_k3_kda/trial_3_tree/srt/layers/quantization/quark/schemes/__pycache__/quark_w8a8_fp8.cpython-312.pyc': Permission denied
rm: cannot remove '/raid/yilegu/roofline_guided_agent/VibeSimWorkspace/scripts-local/vibesim-analysis-container/iter_opt_eval_k3_kda/trial_3_tree/srt/layers/quantization/quark/schemes/__pycache__/quark_w8a8_fp8_moe.cpython-312.pyc': Permission denied
rm: cannot remove '/raid/yilegu/roofline_guided_agent/VibeSimWorkspace/scripts-local/vibesim-analysis-container/iter_opt_eval_k3_kda/trial_3_tree/srt/layers/quantization/quark/schemes/__pycache__/__init__.cpython-312.pyc': Permission denied
rm: cannot remove '/raid/yilegu/roofline_guided_agent/VibeSimWorkspace/scripts-local/vibesim-analysis-container/iter_opt_eval_k3_kda/trial_3_tree/srt/layers/quantization/quark/schemes/__pycache__/quark_w4a4_mxfp4.cpython-312.pyc': Permission denied
rm: cannot remove '/raid/yilegu/roofline_guided_agent/VibeSimWorkspace/scripts-local/vibesim-analysis-container/iter_opt_eval_k3_kda/trial_3_tree/srt/layers/quantization/quark/schemes/__pycache__/quark_scheme.cpython-312.pyc': Permission denied
rm: cannot remove '/raid/yilegu/roofline_guided_agent/VibeSimWorkspace/scripts-local/vibesim-analysis-container/iter_opt_eval_k3_kda/trial_3_tree/srt/layers/quantization/quark/schemes/__pycache__/quark_w4a4_mxfp4_moe.cpython-312.pyc': Permission denied
rm: cannot remove '/raid/yilegu/roofline_guided_agent/VibeSimWorkspace/scripts-local/vibesim-analysis-container/iter_opt_eval_k3_kda/trial_3_tree/srt/layers/quantization/quark/schemes/__pycache__/quark_w4a8_mxfp4_moe.cpython-312.pyc': Permission denied
rm: cannot remove '/raid/yilegu/roofline_guided_agent/VibeSimWorkspace/scripts-local/vibesim-analysis-container/iter_opt_eval_k3_kda/trial_3_tree/srt/layers/quantization/compressed_tensors/__pycache__/compressed_tensors.cpython-312.pyc': Permission denied
rm: cannot remove '/raid/yilegu/roofline_guided_agent/VibeSimWorkspace/scripts-local/vibesim-analysis-container/iter_opt_eval_k3_kda/trial_3_tree/srt/layers/quantization/compressed_tensors/__pycache__/utils.cpython-312.pyc': Permission denied
rm: cannot remove '/raid/yilegu/roofline_guided_agent/VibeSimWorkspace/scripts-local/vibesim-analysis-container/iter_opt_eval_k3_kda/trial_3_tree/srt/layers/quantization/compressed_tensors/schemes/__pycache__/compressed_tensors_w8a8_int8.cpython-312.pyc': Permission denied
rm: cannot remove '/raid/yilegu/roofline_guided_agent/VibeSimWorkspace/scripts-local/vibesim-analysis-container/iter_opt_eval_k3_kda/trial_3_tree/srt/layers/quantization/compressed_tensors/schemes/__pycache__/compressed_tensors_wNa16_moe.cpython-312.pyc': Permission denied
rm: cannot remove '/raid/yilegu/roofline_guided_agent/VibeSimWorkspace/scripts-local/vibesim-analysis-container/iter_opt_eval_k3_kda/trial_3_tree/srt/layers/quantization/compressed_tensors/schemes/__pycache__/compressed_tensors_scheme.cpython-312.pyc': Permission denied
rm: cannot remove '/raid/yilegu/roofline_guided_agent/VibeSimWorkspace/scripts-local/vibesim-analysis-container/iter_opt_eval_k3_kda/trial_3_tree/srt/layers/quantization/compressed_tensors/schemes/__pycache__/compressed_tensors_w8a8_int8_moe.cpython-312.pyc': Permission denied
rm: cannot remove '/raid/yilegu/roofline_guided_agent/VibeSimWorkspace/scripts-local/vibesim-analysis-container/iter_opt_eval_k3_kda/trial_3_tree/srt/layers/quantization/compressed_tensors/schemes/__pycache__/__init__.cpython-312.pyc': Permission denied
rm: cannot remove '/raid/yilegu/roofline_guided_agent/VibeSimWorkspace/scripts-local/vibesim-analysis-container/iter_opt_eval_k3_kda/trial_3_tree/srt/layers/quantization/compressed_tensors/schemes/__pycache__/compressed_tensors_w4a4_mxint4_moe.cpython-312.pyc': Permission denied
rm: cannot remove '/raid/yilegu/roofline_guided_agent/VibeSimWorkspace/scripts-local/vibesim-analysis-container/iter_opt_eval_k3_kda/trial_3_tree/srt/layers/quantization/compressed_tensors/schemes/__pycache__/compressed_tensors_w4a4_nvfp4_moe.cpython-312.pyc': Permission denied
rm: cannot remove '/raid/yilegu/roofline_guided_agent/VibeSimWorkspace/scripts-local/vibesim-analysis-container/iter_opt_eval_k3_kda/trial_3_tree/srt/layers/quantization/compressed_tensors/schemes/__pycache__/compressed_tensors_w4a8_int8_moe.cpython-312.pyc': Permission denied
rm: cannot remove '/raid/yilegu/roofline_guided_agent/VibeSimWorkspace/scripts-local/vibesim-analysis-container/iter_opt_eval_k3_kda/trial_3_tree/srt/layers/quantization/compressed_tensors/schemes/__pycache__/compressed_tensors_w8a8_fp8_moe.cpython-312.pyc': Permission denied
rm: cannot remove '/raid/yilegu/roofline_guided_agent/VibeSimWorkspace/scripts-local/vibesim-analysis-container/iter_opt_eval_k3_kda/trial_3_tree/srt/layers/quantization/compressed_tensors/schemes/__pycache__/compressed_tensors_w8a16_fp8.cpython-312.pyc': Permission denied
rm: cannot remove '/raid/yilegu/roofline_guided_agent/VibeSimWorkspace/scripts-local/vibesim-analysis-container/iter_opt_eval_k3_kda/trial_3_tree/srt/layers/quantization/compressed_tensors/schemes/__pycache__/compressed_tensors_w8a8_fp8.cpython-312.pyc': Permission denied
rm: cannot remove '/raid/yilegu/roofline_guided_agent/VibeSimWorkspace/scripts-local/vibesim-analysis-container/iter_opt_eval_k3_kda/trial_3_tree/srt/layers/quantization/compressed_tensors/schemes/__pycache__/compressed_tensors_w4a8_fp8_moe.cpython-312.pyc': Permission denied
rm: cannot remove '/raid/yilegu/roofline_guided_agent/VibeSimWorkspace/scripts-local/vibesim-analysis-container/iter_opt_eval_k3_kda/trial_3_tree/srt/layers/quantization/compressed_tensors/schemes/__pycache__/compressed_tensors_wNa16.cpython-312.pyc': Permission denied
rm: cannot remove '/raid/yilegu/roofline_guided_agent/VibeSimWorkspace/scripts-local/vibesim-analysis-container/iter_opt_eval_k3_kda/trial_3_tree/srt/layers/quantization/compressed_tensors/schemes/__pycache__/compressed_tensors_w4a4_nvfp4.cpython-312.pyc': Permission denied
rm: cannot remove '/raid/yilegu/roofline_guided_agent/VibeSimWorkspace/scripts-local/vibesim-analysis-container/iter_opt_eval_k3_kda/trial_3_tree/srt/layers/quantization/awq/__pycache__/__init__.cpython-312.pyc': Permission denied
rm: cannot remove '/raid/yilegu/roofline_guided_agent/VibeSimWorkspace/scripts-local/vibesim-analysis-container/iter_opt_eval_k3_kda/trial_3_tree/srt/layers/quantization/awq/__pycache__/awq.cpython-312.pyc': Permission denied
rm: cannot remove '/raid/yilegu/roofline_guided_agent/VibeSimWorkspace/scripts-local/vibesim-analysis-container/iter_opt_eval_k3_kda/trial_3_tree/srt/layers/quantization/awq/schemes/__pycache__/awq_marlin.cpython-312.pyc': Permission denied
rm: cannot remove '/raid/yilegu/roofline_guided_agent/VibeSimWorkspace/scripts-local/vibesim-analysis-container/iter_opt_eval_k3_kda/trial_3_tree/srt/layers/quantization/awq/schemes/__pycache__/__init__.cpython-312.pyc': Permission denied
rm: cannot remove '/raid/yilegu/roofline_guided_agent/VibeSimWorkspace/scripts-local/vibesim-analysis-container/iter_opt_eval_k3_kda/trial_3_tree/srt/layers/quantization/awq/schemes/__pycache__/awq_cpu.cpython-312.pyc': Permission denied
rm: cannot remove '/raid/yilegu/roofline_guided_agent/VibeSimWorkspace/scripts-local/vibesim-analysis-container/iter_opt_eval_k3_kda/trial_3_tree/srt/layers/quantization/awq/schemes/__pycache__/awq_scheme.cpython-312.pyc': Permission denied
rm: cannot remove '/raid/yilegu/roofline_guided_agent/VibeSimWorkspace/scripts-local/vibesim-analysis-container/iter_opt_eval_k3_kda/trial_3_tree/srt/layers/quantization/awq/schemes/__pycache__/awq_linear.cpython-312.pyc': Permission denied
rm: cannot remove '/raid/yilegu/roofline_guided_agent/VibeSimWorkspace/scripts-local/vibesim-analysis-container/iter_opt_eval_k3_kda/trial_3_tree/srt/layers/quantization/awq/schemes/__pycache__/awq_moe.cpython-312.pyc': Permission denied
rm: cannot remove '/raid/yilegu/roofline_guided_agent/VibeSimWorkspace/scripts-local/vibesim-analysis-container/iter_opt_eval_k3_kda/trial_3_tree/srt/layers/quantization/__pycache__/fp8.cpython-312.pyc': Permission denied
rm: cannot remove '/raid/yilegu/roofline_guided_agent/VibeSimWorkspace/scripts-local/vibesim-analysis-container/iter_opt_eval_k3_kda/trial_3_tree/srt/layers/quantization/__pycache__/blockwise_int8.cpython-312.pyc': Permission denied
rm: cannot remove '/raid/yilegu/roofline_guided_agent/VibeSimWorkspace/scripts-local/vibesim-analysis-container/iter_opt_eval_k3_kda/trial_3_tree/srt/layers/quantization/__pycache__/npu_mxfp4_w4a4.cpython-312.pyc': Permission denied
rm: cannot remove '/raid/yilegu/roofline_guided_agent/VibeSimWorkspace/scripts-local/vibesim-analysis-container/iter_opt_eval_k3_kda/trial_3_tree/srt/layers/quantization/__pycache__/petit_utils.cpython-312.pyc': Permission denied
rm: cannot remove '/raid/yilegu/roofline_guided_agent/VibeSimWorkspace/scripts-local/vibesim-analysis-container/iter_opt_eval_k3_kda/trial_3_tree/srt/layers/quantization/__pycache__/mlx.cpython-312.pyc': Permission denied
rm: cannot remove '/raid/yilegu/roofline_guided_agent/VibeSimWorkspace/scripts-local/vibesim-analysis-container/iter_opt_eval_k3_kda/trial_3_tree/srt/layers/quantization/__pycache__/npu_mxfp4.cpython-312.pyc': Permission denied
rm: cannot remove '/raid/yilegu/roofline_guided_agent/VibeSimWorkspace/scripts-local/vibesim-analysis-container/iter_opt_eval_k3_kda/trial_3_tree/srt/layers/quantization/__pycache__/petit.cpython-312.pyc': Permission denied
rm: cannot remove '/raid/yilegu/roofline_guided_agent/VibeSimWorkspace/scripts-local/vibesim-analysis-container/iter_opt_eval_k3_kda/trial_3_tree/srt/layers/quantization/__pycache__/fp4_utils.cpython-312.pyc': Permission denied
rm: cannot remove '/raid/yilegu/roofline_guided_agent/VibeSimWorkspace/scripts-local/vibesim-analysis-container/iter_opt_eval_k3_kda/trial_3_tree/srt/layers/quantization/__pycache__/quark_int4fp8_moe.cpython-312.pyc': Permission denied
rm: cannot remove '/raid/yilegu/roofline_guided_agent/VibeSimWorkspace/scripts-local/vibesim-analysis-container/iter_opt_eval_k3_kda/trial_3_tree/srt/layers/quantization/__pycache__/dequantization.cpython-312.pyc': Permission denied
rm: cannot remove '/raid/yilegu/roofline_guided_agent/VibeSimWorkspace/scripts-local/vibesim-analysis-container/iter_opt_eval_k3_kda/trial_3_tree/srt/layers/quantization/__pycache__/mxfp4_flashinfer_trtllm_moe.cpython-312.pyc': Permission denied
rm: cannot remove '/raid/yilegu/roofline_guided_agent/VibeSimWorkspace/scripts-local/vibesim-analysis-container/iter_opt_eval_k3_kda/trial_3_tree/srt/layers/quantization/__pycache__/fp4_kv_cache_quant_method.cpython-312.pyc': Permission denied
rm: cannot remove '/raid/yilegu/roofline_guided_agent/VibeSimWorkspace/scripts-local/vibesim-analysis-container/iter_opt_eval_k3_kda/trial_3_tree/srt/layers/quantization/__pycache__/base_config.cpython-312.pyc': Permission denied
rm: cannot remove '/raid/yilegu/roofline_guided_agent/VibeSimWorkspace/scripts-local/vibesim-analysis-container/iter_opt_eval_k3_kda/trial_3_tree/srt/layers/quantization/__pycache__/fp8_utils.cpython-312.pyc': Permission denied
rm: cannot remove '/raid/yilegu/roofline_guided_agent/VibeSimWorkspace/scripts-local/vibesim-analysis-container/iter_opt_eval_k3_kda/trial_3_tree/srt/layers/quantization/__pycache__/kvfp4_tensor.cpython-312.pyc': Permission denied
rm: cannot remove '/raid/yilegu/roofline_guided_agent/VibeSimWorkspace/scripts-local/vibesim-analysis-container/iter_opt_eval_k3_kda/trial_3_tree/srt/layers/quantization/__pycache__/__init__.cpython-312.pyc': Permission denied
rm: cannot remove '/raid/yilegu/roofline_guided_agent/VibeSimWorkspace/scripts-local/vibesim-analysis-container/iter_opt_eval_k3_kda/trial_3_tree/srt/layers/quantization/__pycache__/marlin_utils_fp8.cpython-312.pyc': Permission denied
rm: cannot remove '/raid/yilegu/roofline_guided_agent/VibeSimWorkspace/scripts-local/vibesim-analysis-container/iter_opt_eval_k3_kda/trial_3_tree/srt/layers/quantization/__pycache__/w8a8_fp8.cpython-312.pyc': Permission denied
rm: cannot remove '/raid/yilegu/roofline_guided_agent/VibeSimWorkspace/scripts-local/vibesim-analysis-container/iter_opt_eval_k3_kda/trial_3_tree/srt/layers/quantization/__pycache__/utils.cpython-312.pyc': Permission denied
rm: cannot remove '/raid/yilegu/roofline_guided_agent/VibeSimWorkspace/scripts-local/vibesim-analysis-container/iter_opt_eval_k3_kda/trial_3_tree/srt/layers/quantization/__pycache__/int8_utils.cpython-312.pyc': Permission denied
rm: cannot remove '/raid/yilegu/roofline_guided_agent/VibeSimWorkspace/scripts-local/vibesim-analysis-container/iter_opt_eval_k3_kda/trial_3_tree/srt/layers/quantization/__pycache__/auto_round.cpython-312.pyc': Permission denied
rm: cannot remove '/raid/yilegu/roofline_guided_agent/VibeSimWorkspace/scripts-local/vibesim-analysis-container/iter_opt_eval_k3_kda/trial_3_tree/srt/layers/quantization/__pycache__/moe_wna16.cpython-312.pyc': Permission denied
rm: cannot remove '/raid/yilegu/roofline_guided_agent/VibeSimWorkspace/scripts-local/vibesim-analysis-container/iter_opt_eval_k3_kda/trial_3_tree/srt/layers/quantization/__pycache__/mxfp4.cpython-312.pyc': Permission denied
rm: cannot remove '/raid/yilegu/roofline_guided_agent/VibeSimWorkspace/scripts-local/vibesim-analysis-container/iter_opt_eval_k3_kda/trial_3_tree/srt/layers/quantization/__pycache__/humming.cpython-312.pyc': Permission denied
rm: cannot remove '/raid/yilegu/roofline_guided_agent/VibeSimWorkspace/scripts-local/vibesim-analysis-container/iter_opt_eval_k3_kda/trial_3_tree/srt/layers/quantization/__pycache__/nvfp4_online.cpython-312.pyc': Permission denied
rm: cannot remove '/raid/yilegu/roofline_guided_agent/VibeSimWorkspace/scripts-local/vibesim-analysis-container/iter_opt_eval_k3_kda/trial_3_tree/srt/layers/quantization/__pycache__/base_scheme.cpython-312.pyc': Permission denied
rm: cannot remove '/raid/yilegu/roofline_guided_agent/VibeSimWorkspace/scripts-local/vibesim-analysis-container/iter_opt_eval_k3_kda/trial_3_tree/srt/layers/quantization/__pycache__/modelopt_quant.cpython-312.pyc': Permission denied
rm: cannot remove '/raid/yilegu/roofline_guided_agent/VibeSimWorkspace/scripts-local/vibesim-analysis-container/iter_opt_eval_k3_kda/trial_3_tree/srt/layers/quantization/__pycache__/mxfp4_tensor.cpython-312.pyc': Permission denied
rm: cannot remove '/raid/yilegu/roofline_guided_agent/VibeSimWorkspace/scripts-local/vibesim-analysis-container/iter_opt_eval_k3_kda/trial_3_tree/srt/layers/quantization/__pycache__/marlin_utils_fp4.cpython-312.pyc': Permission denied
rm: cannot remove '/raid/yilegu/roofline_guided_agent/VibeSimWorkspace/scripts-local/vibesim-analysis-container/iter_opt_eval_k3_kda/trial_3_tree/srt/layers/quantization/__pycache__/gguf.cpython-312.pyc': Permission denied
rm: cannot remove '/raid/yilegu/roofline_guided_agent/VibeSimWorkspace/scripts-local/vibesim-analysis-container/iter_opt_eval_k3_kda/trial_3_tree/srt/layers/quantization/__pycache__/bitsandbytes.cpython-312.pyc': Permission denied
rm: cannot remove '/raid/yilegu/roofline_guided_agent/VibeSimWorkspace/scripts-local/vibesim-analysis-container/iter_opt_eval_k3_kda/trial_3_tree/srt/layers/quantization/__pycache__/marlin_utils.cpython-312.pyc': Permission denied
rm: cannot remove '/raid/yilegu/roofline_guided_agent/VibeSimWorkspace/scripts-local/vibesim-analysis-container/iter_opt_eval_k3_kda/trial_3_tree/srt/layers/quantization/__pycache__/unquant.cpython-312.pyc': Permission denied
rm: cannot remove '/raid/yilegu/roofline_guided_agent/VibeSimWorkspace/scripts-local/vibesim-analysis-container/iter_opt_eval_k3_kda/trial_3_tree/srt/layers/quantization/__pycache__/w8a8_int8.cpython-312.pyc': Permission denied
rm: cannot remove '/raid/yilegu/roofline_guided_agent/VibeSimWorkspace/scripts-local/vibesim-analysis-container/iter_opt_eval_k3_kda/trial_3_tree/srt/layers/quantization/__pycache__/w4afp8.cpython-312.pyc': Permission denied
rm: cannot remove '/raid/yilegu/roofline_guided_agent/VibeSimWorkspace/scripts-local/vibesim-analysis-container/iter_opt_eval_k3_kda/trial_3_tree/srt/layers/quantization/__pycache__/online_quantization.cpython-312.pyc': Permission denied
rm: cannot remove '/raid/yilegu/roofline_guided_agent/VibeSimWorkspace/scripts-local/vibesim-analysis-container/iter_opt_eval_k3_kda/trial_3_tree/srt/layers/quantization/__pycache__/kv_cache.cpython-312.pyc': Permission denied
rm: cannot remove '/raid/yilegu/roofline_guided_agent/VibeSimWorkspace/scripts-local/vibesim-analysis-container/iter_opt_eval_k3_kda/trial_3_tree/srt/layers/quantization/gptq/__pycache__/gptq.cpython-312.pyc': Permission denied
rm: cannot remove '/raid/yilegu/roofline_guided_agent/VibeSimWorkspace/scripts-local/vibesim-analysis-container/iter_opt_eval_k3_kda/trial_3_tree/srt/layers/quantization/gptq/__pycache__/__init__.cpython-312.pyc': Permission denied
rm: cannot remove '/raid/yilegu/roofline_guided_agent/VibeSimWorkspace/scripts-local/vibesim-analysis-container/iter_opt_eval_k3_kda/trial_3_tree/srt/layers/quantization/gptq/schemes/__pycache__/gptq_marlin.cpython-312.pyc': Permission denied
rm: cannot remove '/raid/yilegu/roofline_guided_agent/VibeSimWorkspace/scripts-local/vibesim-analysis-container/iter_opt_eval_k3_kda/trial_3_tree/srt/layers/quantization/gptq/schemes/__pycache__/gptq_cpu.cpython-312.pyc': Permission denied
rm: cannot remove '/raid/yilegu/roofline_guided_agent/VibeSimWorkspace/scripts-local/vibesim-analysis-container/iter_opt_eval_k3_kda/trial_3_tree/srt/layers/quantization/gptq/schemes/__pycache__/__init__.cpython-312.pyc': Permission denied
rm: cannot remove '/raid/yilegu/roofline_guided_agent/VibeSimWorkspace/scripts-local/vibesim-analysis-container/iter_opt_eval_k3_kda/trial_3_tree/srt/layers/quantization/gptq/schemes/__pycache__/gptq_linear.cpython-312.pyc': Permission denied
rm: cannot remove '/raid/yilegu/roofline_guided_agent/VibeSimWorkspace/scripts-local/vibesim-analysis-container/iter_opt_eval_k3_kda/trial_3_tree/srt/layers/quantization/gptq/schemes/__pycache__/gptq_scheme.cpython-312.pyc': Permission denied
rm: cannot remove '/raid/yilegu/roofline_guided_agent/VibeSimWorkspace/scripts-local/vibesim-analysis-container/iter_opt_eval_k3_kda/trial_3_tree/srt/layers/quantization/gptq/schemes/__pycache__/gptq_moe.cpython-312.pyc': Permission denied
rm: cannot remove '/raid/yilegu/roofline_guided_agent/VibeSimWorkspace/scripts-local/vibesim-analysis-container/iter_opt_eval_k3_kda/trial_3_tree/srt/layers/utils/__pycache__/__init__.cpython-312.pyc': Permission denied
rm: cannot remove '/raid/yilegu/roofline_guided_agent/VibeSimWorkspace/scripts-local/vibesim-analysis-container/iter_opt_eval_k3_kda/trial_3_tree/srt/layers/utils/__pycache__/multi_platform.cpython-312.pyc': Permission denied
rm: cannot remove '/raid/yilegu/roofline_guided_agent/VibeSimWorkspace/scripts-local/vibesim-analysis-container/iter_opt_eval_k3_kda/trial_3_tree/srt/layers/utils/__pycache__/cp_utils.cpython-312.pyc': Permission denied
rm: cannot remove '/raid/yilegu/roofline_guided_agent/VibeSimWorkspace/scripts-local/vibesim-analysis-container/iter_opt_eval_k3_kda/trial_3_tree/srt/layers/utils/__pycache__/common.cpython-312.pyc': Permission denied
rm: cannot remove '/raid/yilegu/roofline_guided_agent/VibeSimWorkspace/scripts-local/vibesim-analysis-container/iter_opt_eval_k3_kda/trial_3_tree/srt/layers/dcp/__pycache__/__init__.cpython-312.pyc': Permission denied
rm: cannot remove '/raid/yilegu/roofline_guided_agent/VibeSimWorkspace/scripts-local/vibesim-analysis-container/iter_opt_eval_k3_kda/trial_3_tree/srt/layers/dcp/__pycache__/comm.cpython-312.pyc': Permission denied
rm: cannot remove '/raid/yilegu/roofline_guided_agent/VibeSimWorkspace/scripts-local/vibesim-analysis-container/iter_opt_eval_k3_kda/trial_3_tree/srt/layers/dcp/__pycache__/metadata.cpython-312.pyc': Permission denied
rm: cannot remove '/raid/yilegu/roofline_guided_agent/VibeSimWorkspace/scripts-local/vibesim-analysis-container/iter_opt_eval_k3_kda/trial_3_tree/srt/layers/dcp/__pycache__/planner.cpython-312.pyc': Permission denied
rm: cannot remove '/raid/yilegu/roofline_guided_agent/VibeSimWorkspace/scripts-local/vibesim-analysis-container/iter_opt_eval_k3_kda/trial_3_tree/srt/layers/dcp/__pycache__/layout.cpython-312.pyc': Permission denied
rm: cannot remove '/raid/yilegu/roofline_guided_agent/VibeSimWorkspace/scripts-local/vibesim-analysis-container/iter_opt_eval_k3_kda/trial_3_tree/srt/layers/__pycache__/k3_sp_collective.cpython-312.pyc': Permission denied
rm: cannot remove '/raid/yilegu/roofline_guided_agent/VibeSimWorkspace/scripts-local/vibesim-analysis-container/iter_opt_eval_k3_kda/trial_3_tree/srt/layers/__pycache__/model_parallel.cpython-312.pyc': Permission denied
rm: cannot remove '/raid/yilegu/roofline_guided_agent/VibeSimWorkspace/scripts-local/vibesim-analysis-container/iter_opt_eval_k3_kda/trial_3_tree/srt/layers/__pycache__/amx_utils.cpython-312.pyc': Permission denied
rm: cannot remove '/raid/yilegu/roofline_guided_agent/VibeSimWorkspace/scripts-local/vibesim-analysis-container/iter_opt_eval_k3_kda/trial_3_tree/srt/layers/__pycache__/linear.cpython-312.pyc': Permission denied
rm: cannot remove '/raid/yilegu/roofline_guided_agent/VibeSimWorkspace/scripts-local/vibesim-analysis-container/iter_opt_eval_k3_kda/trial_3_tree/srt/layers/__pycache__/logits_processor.cpython-312.pyc': Permission denied
rm: cannot remove '/raid/yilegu/roofline_guided_agent/VibeSimWorkspace/scripts-local/vibesim-analysis-container/iter_opt_eval_k3_kda/trial_3_tree/srt/layers/__pycache__/layernorm.cpython-312.pyc': Permission denied
rm: cannot remove '/raid/yilegu/roofline_guided_agent/VibeSimWorkspace/scripts-local/vibesim-analysis-container/iter_opt_eval_k3_kda/trial_3_tree/srt/layers/__pycache__/communicator.cpython-312.pyc': Permission denied
rm: cannot remove '/raid/yilegu/roofline_guided_agent/VibeSimWorkspace/scripts-local/vibesim-analysis-container/iter_opt_eval_k3_kda/trial_3_tree/srt/layers/__pycache__/sampler.cpython-312.pyc': Permission denied
rm: cannot remove '/raid/yilegu/roofline_guided_agent/VibeSimWorkspace/scripts-local/vibesim-analysis-container/iter_opt_eval_k3_kda/trial_3_tree/srt/layers/__pycache__/aux_hidden_states.cpython-312.pyc': Permission denied
rm: cannot remove '/raid/yilegu/roofline_guided_agent/VibeSimWorkspace/scripts-local/vibesim-analysis-container/iter_opt_eval_k3_kda/trial_3_tree/srt/layers/__pycache__/vocab_parallel_embedding.cpython-312.pyc': Permission denied
rm: cannot remove '/raid/yilegu/roofline_guided_agent/VibeSimWorkspace/scripts-local/vibesim-analysis-container/iter_opt_eval_k3_kda/trial_3_tree/srt/layers/__pycache__/k3_ar_fusion.cpython-312.pyc': Permission denied
rm: cannot remove '/raid/yilegu/roofline_guided_agent/VibeSimWorkspace/scripts-local/vibesim-analysis-container/iter_opt_eval_k3_kda/trial_3_tree/srt/layers/__pycache__/flashinfer_comm_fusion.cpython-312.pyc': Permission denied
rm: cannot remove '/raid/yilegu/roofline_guided_agent/VibeSimWorkspace/scripts-local/vibesim-analysis-container/iter_opt_eval_k3_kda/trial_3_tree/srt/layers/__pycache__/logprob_processor.cpython-312.pyc': Permission denied
rm: cannot remove '/raid/yilegu/roofline_guided_agent/VibeSimWorkspace/scripts-local/vibesim-analysis-container/iter_opt_eval_k3_kda/trial_3_tree/srt/layers/__pycache__/zero_copy_context.cpython-312.pyc': Permission denied
rm: cannot remove '/raid/yilegu/roofline_guided_agent/VibeSimWorkspace/scripts-local/vibesim-analysis-container/iter_opt_eval_k3_kda/trial_3_tree/srt/layers/__pycache__/k3_gemm_ar.cpython-312.pyc': Permission denied
rm: cannot remove '/raid/yilegu/roofline_guided_agent/VibeSimWorkspace/scripts-local/vibesim-analysis-container/iter_opt_eval_k3_kda/trial_3_tree/srt/layers/__pycache__/layernorm_sp.cpython-312.pyc': Permission denied
rm: cannot remove '/raid/yilegu/roofline_guided_agent/VibeSimWorkspace/scripts-local/vibesim-analysis-container/iter_opt_eval_k3_kda/trial_3_tree/srt/layers/__pycache__/dp_attention.cpython-312.pyc': Permission denied
rm: cannot remove '/raid/yilegu/roofline_guided_agent/VibeSimWorkspace/scripts-local/vibesim-analysis-container/iter_opt_eval_k3_kda/trial_3_tree/srt/layers/__pycache__/conv.cpython-312.pyc': Permission denied
rm: cannot remove '/raid/yilegu/roofline_guided_agent/VibeSimWorkspace/scripts-local/vibesim-analysis-container/iter_opt_eval_k3_kda/trial_3_tree/srt/layers/__pycache__/modelopt_utils.cpython-312.pyc': Permission denied
rm: cannot remove '/raid/yilegu/roofline_guided_agent/VibeSimWorkspace/scripts-local/vibesim-analysis-container/iter_opt_eval_k3_kda/trial_3_tree/srt/layers/__pycache__/attn_residual.cpython-312.pyc': Permission denied
rm: cannot remove '/raid/yilegu/roofline_guided_agent/VibeSimWorkspace/scripts-local/vibesim-analysis-container/iter_opt_eval_k3_kda/trial_3_tree/srt/layers/__pycache__/parameter.cpython-312.pyc': Permission denied
rm: cannot remove '/raid/yilegu/roofline_guided_agent/VibeSimWorkspace/scripts-local/vibesim-analysis-container/iter_opt_eval_k3_kda/trial_3_tree/srt/layers/__pycache__/pooler.cpython-312.pyc': Permission denied
rm: cannot remove '/raid/yilegu/roofline_guided_agent/VibeSimWorkspace/scripts-local/vibesim-analysis-container/iter_opt_eval_k3_kda/trial_3_tree/srt/layers/__pycache__/activation.cpython-312.pyc': Permission denied
rm: cannot remove '/raid/yilegu/roofline_guided_agent/VibeSimWorkspace/scripts-local/vibesim-analysis-container/iter_opt_eval_k3_kda/trial_3_tree/srt/layers/__pycache__/radix_attention.cpython-312.pyc': Permission denied
rm: cannot remove '/raid/yilegu/roofline_guided_agent/VibeSimWorkspace/scripts-local/vibesim-analysis-container/iter_opt_eval_k3_kda/trial_3_tree/srt/layers/__pycache__/int4fp8_utils.cpython-312.pyc': Permission denied
rm: cannot remove '/raid/yilegu/roofline_guided_agent/VibeSimWorkspace/scripts-local/vibesim-analysis-container/iter_opt_eval_k3_kda/trial_3_tree/srt/layers/__pycache__/communicator_dsa_cp.cpython-312.pyc': Permission denied
rm: cannot remove '/raid/yilegu/roofline_guided_agent/VibeSimWorkspace/scripts-local/vibesim-analysis-container/iter_opt_eval_k3_kda/trial_3_tree/srt/layers/__pycache__/radix_linear_attention.cpython-312.pyc': Permission denied
rm: cannot remove '/raid/yilegu/roofline_guided_agent/VibeSimWorkspace/scripts-local/vibesim-analysis-container/iter_opt_eval_k3_kda/trial_3_tree/srt/layers/deep_gemm_wrapper/__pycache__/__init__.cpython-312.pyc': Permission denied
rm: cannot remove '/raid/yilegu/roofline_guided_agent/VibeSimWorkspace/scripts-local/vibesim-analysis-container/iter_opt_eval_k3_kda/trial_3_tree/srt/layers/deep_gemm_wrapper/__pycache__/compile_utils.cpython-312.pyc': Permission denied
rm: cannot remove '/raid/yilegu/roofline_guided_agent/VibeSimWorkspace/scripts-local/vibesim-analysis-container/iter_opt_eval_k3_kda/trial_3_tree/srt/layers/deep_gemm_wrapper/__pycache__/configurer.cpython-312.pyc': Permission denied
rm: cannot remove '/raid/yilegu/roofline_guided_agent/VibeSimWorkspace/scripts-local/vibesim-analysis-container/iter_opt_eval_k3_kda/trial_3_tree/srt/layers/deep_gemm_wrapper/__pycache__/entrypoint.cpython-312.pyc': Permission denied
rm: cannot remove '/raid/yilegu/roofline_guided_agent/VibeSimWorkspace/scripts-local/vibesim-analysis-container/iter_opt_eval_k3_kda/trial_3_tree/srt/layers/rotary_embedding/__pycache__/factory.cpython-312.pyc': Permission denied
rm: cannot remove '/raid/yilegu/roofline_guided_agent/VibeSimWorkspace/scripts-local/vibesim-analysis-container/iter_opt_eval_k3_kda/trial_3_tree/srt/layers/rotary_embedding/__pycache__/__init__.cpython-312.pyc': Permission denied
rm: cannot remove '/raid/yilegu/roofline_guided_agent/VibeSimWorkspace/scripts-local/vibesim-analysis-container/iter_opt_eval_k3_kda/trial_3_tree/srt/layers/rotary_embedding/__pycache__/utils.cpython-312.pyc': Permission denied
rm: cannot remove '/raid/yilegu/roofline_guided_agent/VibeSimWorkspace/scripts-local/vibesim-analysis-container/iter_opt_eval_k3_kda/trial_3_tree/srt/layers/rotary_embedding/__pycache__/rope_variant.cpython-312.pyc': Permission denied
rm: cannot remove '/raid/yilegu/roofline_guided_agent/VibeSimWorkspace/scripts-local/vibesim-analysis-container/iter_opt_eval_k3_kda/trial_3_tree/srt/layers/rotary_embedding/__pycache__/base.cpython-312.pyc': Permission denied
rm: cannot remove '/raid/yilegu/roofline_guided_agent/VibeSimWorkspace/scripts-local/vibesim-analysis-container/iter_opt_eval_k3_kda/trial_3_tree/srt/layers/rotary_embedding/__pycache__/mrope.cpython-312.pyc': Permission denied
rm: cannot remove '/raid/yilegu/roofline_guided_agent/VibeSimWorkspace/scripts-local/vibesim-analysis-container/iter_opt_eval_k3_kda/trial_3_tree/srt/layers/rotary_embedding/__pycache__/yarn.cpython-312.pyc': Permission denied
rm: cannot remove '/raid/yilegu/roofline_guided_agent/VibeSimWorkspace/scripts-local/vibesim-analysis-container/iter_opt_eval_k3_kda/trial_3_tree/srt/layers/moe/token_dispatcher/__pycache__/standard.cpython-312.pyc': Permission denied
rm: cannot remove '/raid/yilegu/roofline_guided_agent/VibeSimWorkspace/scripts-local/vibesim-analysis-container/iter_opt_eval_k3_kda/trial_3_tree/srt/layers/moe/token_dispatcher/__pycache__/__init__.cpython-312.pyc': Permission denied
rm: cannot remove '/raid/yilegu/roofline_guided_agent/VibeSimWorkspace/scripts-local/vibesim-analysis-container/iter_opt_eval_k3_kda/trial_3_tree/srt/layers/moe/token_dispatcher/__pycache__/moriep.cpython-312.pyc': Permission denied
rm: cannot remove '/raid/yilegu/roofline_guided_agent/VibeSimWorkspace/scripts-local/vibesim-analysis-container/iter_opt_eval_k3_kda/trial_3_tree/srt/layers/moe/token_dispatcher/__pycache__/flashinfer_utils.cpython-312.pyc': Permission denied
rm: cannot remove '/raid/yilegu/roofline_guided_agent/VibeSimWorkspace/scripts-local/vibesim-analysis-container/iter_opt_eval_k3_kda/trial_3_tree/srt/layers/moe/token_dispatcher/__pycache__/base.cpython-312.pyc': Permission denied
rm: cannot remove '/raid/yilegu/roofline_guided_agent/VibeSimWorkspace/scripts-local/vibesim-analysis-container/iter_opt_eval_k3_kda/trial_3_tree/srt/layers/moe/token_dispatcher/__pycache__/mooncake.cpython-312.pyc': Permission denied
rm: cannot remove '/raid/yilegu/roofline_guided_agent/VibeSimWorkspace/scripts-local/vibesim-analysis-container/iter_opt_eval_k3_kda/trial_3_tree/srt/layers/moe/token_dispatcher/__pycache__/flashinfer.cpython-312.pyc': Permission denied
rm: cannot remove '/raid/yilegu/roofline_guided_agent/VibeSimWorkspace/scripts-local/vibesim-analysis-container/iter_opt_eval_k3_kda/trial_3_tree/srt/layers/moe/token_dispatcher/__pycache__/ascend_tp.cpython-312.pyc': Permission denied
rm: cannot remove '/raid/yilegu/roofline_guided_agent/VibeSimWorkspace/scripts-local/vibesim-analysis-container/iter_opt_eval_k3_kda/trial_3_tree/srt/layers/moe/token_dispatcher/__pycache__/pplx.cpython-312.pyc': Permission denied
rm: cannot remove '/raid/yilegu/roofline_guided_agent/VibeSimWorkspace/scripts-local/vibesim-analysis-container/iter_opt_eval_k3_kda/trial_3_tree/srt/layers/moe/token_dispatcher/__pycache__/nixl.cpython-312.pyc': Permission denied
rm: cannot remove '/raid/yilegu/roofline_guided_agent/VibeSimWorkspace/scripts-local/vibesim-analysis-container/iter_opt_eval_k3_kda/trial_3_tree/srt/layers/moe/token_dispatcher/__pycache__/deepep_v2.cpython-312.pyc': Permission denied
rm: cannot remove '/raid/yilegu/roofline_guided_agent/VibeSimWorkspace/scripts-local/vibesim-analysis-container/iter_opt_eval_k3_kda/trial_3_tree/srt/layers/moe/token_dispatcher/__pycache__/deepep.cpython-312.pyc': Permission denied
rm: cannot remove '/raid/yilegu/roofline_guided_agent/VibeSimWorkspace/scripts-local/vibesim-analysis-container/iter_opt_eval_k3_kda/trial_3_tree/srt/layers/moe/fused_moe_triton/__pycache__/__init__.cpython-312.pyc': Permission denied
rm: cannot remove '/raid/yilegu/roofline_guided_agent/VibeSimWorkspace/scripts-local/vibesim-analysis-container/iter_opt_eval_k3_kda/trial_3_tree/srt/layers/moe/fused_moe_triton/__pycache__/layer.cpython-312.pyc': Permission denied
rm: cannot remove '/raid/yilegu/roofline_guided_agent/VibeSimWorkspace/scripts-local/vibesim-analysis-container/iter_opt_eval_k3_kda/trial_3_tree/srt/layers/moe/ep_moe/__pycache__/__init__.cpython-312.pyc': Permission denied
rm: cannot remove '/raid/yilegu/roofline_guided_agent/VibeSimWorkspace/scripts-local/vibesim-analysis-container/iter_opt_eval_k3_kda/trial_3_tree/srt/layers/moe/ep_moe/__pycache__/layer.cpython-312.pyc': Permission denied
rm: cannot remove '/raid/yilegu/roofline_guided_agent/VibeSimWorkspace/scripts-local/vibesim-analysis-container/iter_opt_eval_k3_kda/trial_3_tree/srt/layers/moe/moe_runner/triton_utils/__pycache__/fused_moe.cpython-312.pyc': Permission denied
rm: cannot remove '/raid/yilegu/roofline_guided_agent/VibeSimWorkspace/scripts-local/vibesim-analysis-container/iter_opt_eval_k3_kda/trial_3_tree/srt/layers/moe/moe_runner/triton_utils/__pycache__/__init__.cpython-312.pyc': Permission denied
rm: cannot remove '/raid/yilegu/roofline_guided_agent/VibeSimWorkspace/scripts-local/vibesim-analysis-container/iter_opt_eval_k3_kda/trial_3_tree/srt/layers/moe/moe_runner/triton_utils/__pycache__/moe_align_block_size.cpython-312.pyc': Permission denied
rm: cannot remove '/raid/yilegu/roofline_guided_agent/VibeSimWorkspace/scripts-local/vibesim-analysis-container/iter_opt_eval_k3_kda/trial_3_tree/srt/layers/moe/moe_runner/triton_utils/__pycache__/fused_moe_triton_config.cpython-312.pyc': Permission denied
rm: cannot remove '/raid/yilegu/roofline_guided_agent/VibeSimWorkspace/scripts-local/vibesim-analysis-container/iter_opt_eval_k3_kda/trial_3_tree/srt/layers/moe/moe_runner/__pycache__/runner.cpython-312.pyc': Permission denied
rm: cannot remove '/raid/yilegu/roofline_guided_agent/VibeSimWorkspace/scripts-local/vibesim-analysis-container/iter_opt_eval_k3_kda/trial_3_tree/srt/layers/moe/moe_runner/__pycache__/__init__.cpython-312.pyc': Permission denied
rm: cannot remove '/raid/yilegu/roofline_guided_agent/VibeSimWorkspace/scripts-local/vibesim-analysis-container/iter_opt_eval_k3_kda/trial_3_tree/srt/layers/moe/moe_runner/__pycache__/triton.cpython-312.pyc': Permission denied
rm: cannot remove '/raid/yilegu/roofline_guided_agent/VibeSimWorkspace/scripts-local/vibesim-analysis-container/iter_opt_eval_k3_kda/trial_3_tree/srt/layers/moe/moe_runner/__pycache__/deep_gemm_sm120.cpython-312.pyc': Permission denied
rm: cannot remove '/raid/yilegu/roofline_guided_agent/VibeSimWorkspace/scripts-local/vibesim-analysis-container/iter_opt_eval_k3_kda/trial_3_tree/srt/layers/moe/moe_runner/__pycache__/base.cpython-312.pyc': Permission denied
rm: cannot remove '/raid/yilegu/roofline_guided_agent/VibeSimWorkspace/scripts-local/vibesim-analysis-container/iter_opt_eval_k3_kda/trial_3_tree/srt/layers/moe/moe_runner/__pycache__/marlin.cpython-312.pyc': Permission denied
rm: cannot remove '/raid/yilegu/roofline_guided_agent/VibeSimWorkspace/scripts-local/vibesim-analysis-container/iter_opt_eval_k3_kda/trial_3_tree/srt/layers/moe/moe_runner/__pycache__/deep_gemm.cpython-312.pyc': Permission denied
rm: cannot remove '/raid/yilegu/roofline_guided_agent/VibeSimWorkspace/scripts-local/vibesim-analysis-container/iter_opt_eval_k3_kda/trial_3_tree/srt/layers/moe/moe_runner/__pycache__/flashinfer_trtllm.cpython-312.pyc': Permission denied
rm: cannot remove '/raid/yilegu/roofline_guided_agent/VibeSimWorkspace/scripts-local/vibesim-analysis-container/iter_opt_eval_k3_kda/trial_3_tree/srt/layers/moe/moe_runner/__pycache__/flashinfer_cutlass.cpython-312.pyc': Permission denied
rm: cannot remove '/raid/yilegu/roofline_guided_agent/VibeSimWorkspace/scripts-local/vibesim-analysis-container/iter_opt_eval_k3_kda/trial_3_tree/srt/layers/moe/moe_runner/__pycache__/triton_kernels.cpython-312.pyc': Permission denied
rm: cannot remove '/raid/yilegu/roofline_guided_agent/VibeSimWorkspace/scripts-local/vibesim-analysis-container/iter_opt_eval_k3_kda/trial_3_tree/srt/layers/moe/__pycache__/__init__.cpython-312.pyc': Permission denied
rm: cannot remove '/raid/yilegu/roofline_guided_agent/VibeSimWorkspace/scripts-local/vibesim-analysis-container/iter_opt_eval_k3_kda/trial_3_tree/srt/layers/moe/__pycache__/topk.cpython-312.pyc': Permission denied
rm: cannot remove '/raid/yilegu/roofline_guided_agent/VibeSimWorkspace/scripts-local/vibesim-analysis-container/iter_opt_eval_k3_kda/trial_3_tree/srt/layers/moe/__pycache__/utils.cpython-312.pyc': Permission denied
rm: cannot remove '/raid/yilegu/roofline_guided_agent/VibeSimWorkspace/scripts-local/vibesim-analysis-container/iter_opt_eval_k3_kda/trial_3_tree/srt/layers/moe/__pycache__/flashinfer_trtllm_moe.cpython-312.pyc': Permission denied
rm: cannot remove '/raid/yilegu/roofline_guided_agent/VibeSimWorkspace/scripts-local/vibesim-analysis-container/iter_opt_eval_k3_kda/trial_3_tree/srt/layers/moe/__pycache__/hash_topk.cpython-312.pyc': Permission denied
rm: cannot remove '/raid/yilegu/roofline_guided_agent/VibeSimWorkspace/scripts-local/vibesim-analysis-container/iter_opt_eval_k3_kda/trial_3_tree/srt/layers/moe/__pycache__/kt_ep_wrapper.cpython-312.pyc': Permission denied
rm: cannot remove '/raid/yilegu/roofline_guided_agent/VibeSimWorkspace/scripts-local/vibesim-analysis-container/iter_opt_eval_k3_kda/trial_3_tree/srt/layers/moe/__pycache__/route_quant_handoff.cpython-312.pyc': Permission denied
rm: cannot remove '/raid/yilegu/roofline_guided_agent/VibeSimWorkspace/scripts-local/vibesim-analysis-container/iter_opt_eval_k3_kda/trial_3_tree/srt/weight_sync/__pycache__/tensor_bucket.cpython-312.pyc': Permission denied
rm: cannot remove '/raid/yilegu/roofline_guided_agent/VibeSimWorkspace/scripts-local/vibesim-analysis-container/iter_opt_eval_k3_kda/trial_3_tree/lang/__pycache__/chat_template.cpython-312.pyc': Permission denied
rm: cannot remove '/raid/yilegu/roofline_guided_agent/VibeSimWorkspace/scripts-local/vibesim-analysis-container/iter_opt_eval_k3_kda/trial_3_tree/lang/__pycache__/interpreter.cpython-312.pyc': Permission denied
rm: cannot remove '/raid/yilegu/roofline_guided_agent/VibeSimWorkspace/scripts-local/vibesim-analysis-container/iter_opt_eval_k3_kda/trial_3_tree/lang/__pycache__/global_config.cpython-312.pyc': Permission denied
rm: cannot remove '/raid/yilegu/roofline_guided_agent/VibeSimWorkspace/scripts-local/vibesim-analysis-container/iter_opt_eval_k3_kda/trial_3_tree/lang/__pycache__/api.cpython-312.pyc': Permission denied
rm: cannot remove '/raid/yilegu/roofline_guided_agent/VibeSimWorkspace/scripts-local/vibesim-analysis-container/iter_opt_eval_k3_kda/trial_3_tree/lang/__pycache__/ir.cpython-312.pyc': Permission denied
rm: cannot remove '/raid/yilegu/roofline_guided_agent/VibeSimWorkspace/scripts-local/vibesim-analysis-container/iter_opt_eval_k3_kda/trial_3_tree/lang/__pycache__/choices.cpython-312.pyc': Permission denied
rm: cannot remove '/raid/yilegu/roofline_guided_agent/VibeSimWorkspace/scripts-local/vibesim-analysis-container/iter_opt_eval_k3_kda/trial_3_tree/lang/backend/__pycache__/runtime_endpoint.cpython-312.pyc': Permission denied
rm: cannot remove '/raid/yilegu/roofline_guided_agent/VibeSimWorkspace/scripts-local/vibesim-analysis-container/iter_opt_eval_k3_kda/trial_3_tree/lang/backend/__pycache__/base_backend.cpython-312.pyc': Permission denied
